,Unnamed: 0,areaRank,Country,legislature,anthem,capital,currency,largestCity,officialLanguage,name,hypernym,sovereigntyType,timeZoneDst,timeZone,demonym,establishedDate,governmentType,languages,leaderName,leaderTitle,populationDensityKm,utcOffset,utcOffsetDst,areaKm,areaSqMi,callingCode,conventionalLongName,currencyCode,dateFormat,drivesOn,establishedEvent,gdpNominal,gdpNominalPerCapita,gdpNominalYear,gdpPpp,gdpPppPerCapita,gdpPppYear,gini,giniChange,giniYear,hdi,hdiChange,hdiRank,hdiYear,languages2Type,nationalAnthem,nationalMotto,officialLanguages,patronSaint,percentWater,populationCensus,populationCensusYear,populationDensityRank,populationDensitySqMi,populationEstimate,populationEstimateYear,event,language,leaderFunction,humanDevelopmentIndex,area,motto,populationDensity,populationTotal,countryCode,percentageOfAreaWater,giniCoefficient,isPrimaryTopicOf,aprHighC,aprLowC,aprMeanC,aprPrecipitationMm,aprRecordHighC,aprRecordLowC,augHighC,augLowC,augMeanC,augPrecipitationMm,augRecordHighC,augRecordLowC,d,decHighC,decLowC,decMeanC,decPrecipitationMm,decRecordHighC,decRecordLowC,febHighC,febLowC,febMeanC,febPrecipitationMm,febRecordHighC,febRecordLowC,janHighC,janLowC,janMeanC,janPrecipitationMm,janRecordHighC,janRecordLowC,julHighC,julLowC,julMeanC,julPrecipitationMm,julRecordHighC,julRecordLowC,junHighC,junLowC,junMeanC,junPrecipitationMm,junRecordHighC,junRecordLowC,location,marHighC,marLowC,marMeanC,marPrecipitationMm,marRecordHighC,marRecordLowC,mayHighC,mayLowC,mayMeanC,mayPrecipitationMm,mayRecordHighC,mayRecordLowC,metricFirst,novHighC,novLowC,novMeanC,novPrecipitationMm,novRecordHighC,novRecordLowC,octHighC,octLowC,octMeanC,octPrecipitationMm,octRecordHighC,octRecordLowC,precipitationColour,religion,sepHighC,sepLowC,sepMeanC,sepPrecipitationMm,sepRecordHighC,sepRecordLowC,singleLine,source,width,yearHighC,yearLowC,yearMeanC,yearPrecipitationMm,yearRecordHighC,yearRecordLowC,ethnicGroups,ethnicGroupsYear,populationEstimateRank,populationTotalRanking,gdpNominalPerCapitaRank,gdpNominalRank,pageNumbers,ethnicGroup,originalName,owl#differentFrom,titlebar,city,country,gdpPppPerCapitaRank,languagesType,lowerHouse,religionYear,house,mapCaption,gdpPppRank,officialWebsite,quoted,sovereigntyNote,quote,englishmotto,left,right,giniRank,languagesSub,areaLabel,wikiPageRedirects,membershipType,symbolWidth,yearSun,aprRainDays,augRainDays,decRainDays,febRainDays,footerAlign,janRainDays,julRainDays,junRainDays,mapWidth,marRainDays,mayRainDays,novRainDays,octRainDays,sepRainDays,aprSun,augSun,decSun,febSun,frFoot,janSun,julSun,junSun,map2Width,marSun,maySun,novSun,octSun,populationData,populationLabel,regionalLanguages,sepSun,data,dataMax,dataType,labelType,barWidth,alignment,nationalLanguages,postalCode,postalCodeType,subdivisionName,subdivisionType,elevationMaxM,flagLink,nationalRepresentation,nationalRepresentationType,sealLink,sealType,wikiPageInterLanguageLink,user,flag,adminCenter,politicalGroups,populationRank,utcOffset1Dst,elevationM,mapImage,population,populationAsOf,rank,timezone,coastlineKm,countryLargestCityType,densityKm,highestMount,areaTotal,elevation,height,iso31661Code,perrow,small,licence,languages2Sub,commons,status,symbol,wikt,largestSettlement,largestSettlementType,headerAlign,open,divLink,strokeWidth,frame,frameWidth,royalAnthem,aprPrecipitationDays,augPrecipitationDays,decPrecipitationDays,febPrecipitationDays,janPrecipitationDays,julPrecipitationDays,junPrecipitationDays,marPrecipitationDays,mayPrecipitationDays,novPrecipitationDays,octPrecipitationDays,sepPrecipitationDays,unitPrecipitationDays,yearPrecipitationDays,patronSaints,colwidth,toggle,yearHumidity,aprSnowDays,augSnowDays,decSnowDays,febSnowDays,id,janSnowDays,julSnowDays,junSnowDays,marSnowDays,maySnowDays,membership,novSnowDays,octSnowDays,sepSnowDays,unitSnowDays,yearSnowDays,aprHumidity,augHumidity,clear,coaSize,decHumidity,febHumidity,flagType,janHumidity,julHumidity,junHumidity,marHumidity,mayHumidity,novHumidity,octHumidity,sepHumidity,manifestationOfWork,populationCensusRank,Confirmed,Recovered,Active,New cases,New deaths,New recovered,Deaths / 100 Cases,Recovered / 100 Cases,Deaths / 100 Recovered,Confirmed last week,1 week change,1 week % increase,WHO Region
0,0,140.0,Albania,Parliament_of_Albania,Himni_i_Flamurit,Tirana,Albanian_lek,Tirana,Albanian_language,Republic of Albania,Country,History_of_Albania,Central_European_Summer_Time,Central_European_Time,Albanian,February 1272,Unitary_state,others,Ilir_Meta,Speaker_of_the_Parliament_of_Albania,98.0,1,2,28748.0,11100,Telephone_numbers_in_Albania,Republic of Albania,ALL,yyyy,right,Proclamation of independence from,1.68E+10,5847.0,2020.0,4.26E+10,14866.0,2020.0,34.3,decrease,2019.0,0.795,increase,69.0,2019.0,Recognised minority languages,Himni_i_Flamurit,"Ti_Shqipëri,_më_jep_nder,_më_jep_emrin_Shqipëtar",Albanian_language,Our_Lady_of_Good_Counsel,4.7,2821977.0,2011.0,63.0,254.0,2845955,20-Jan,Albania__HistoricalEvent__9,Greek_language,Albania__PersonFunction__3,0.795,28748.86802,"Ti Shqipëri, më jep nder,më jep emrin Shqipëtar",98.06994827,2845955.0,355,4.7,34.3,Albania,,,,,,,,,,,,,,,,,,,,,,,,,,,,,,,,,,,,,,,,,,,,,,,,,,,,,,,,,,,,,,,,,,,,,,,,,,,,,,,,,,,,,,,,,,,,,,,,,,,,,,,,,,,,,,,,,,,,,,,,,,,,,,,,,,,,,,,,,,,,,,,,,,,,,,,,,,,,,,,,,,,,,,,,,,,,,,,,,,,,,,,,,,,,,,,,,,,,,,,,,,,,,,,,,,,,,,,,,,,,,,,,,,,,,,,,,,,,,,,,,,,,,,,,,,,,,,,,,,4880.0,2745.0,1991.0,117.0,6.0,63.0,2.95,56.25,5.25,4171.0,709.0,17.0,Europe
1,1,178.0,Andorra,General_Council_(Andorra),,Andorra_la_Vella,Euro e,capital,Catalan_language,Principality of Andorra,Microstate,Independence,Central_European_Summer_Time,Central_European_Time,Andorran,2/2/1993,Elective_monarchy,,,Head_of_Government_of_Andorra,179.8,1,2,467.63,180.55,Telephone_numbers_in_Andorra,Principality of Andorra,EUR,,right,from the French Empire,3.24E+09,42035.0,2018.0,,,,27.21,,2003.0,0.868,increase,36.0,2019.0,,"""The Great Charlemagne""",Virtus Unita Fortior,Catalanb,,0.26,,2014.0,71.0,465.7,77543,2020,Andorra__HistoricalEvent__3,,Andorra__PersonFunction__4,0.868,467.63,Virtus Unita Fortior,179.8077752,77543.0,376,0.26,27.21,Andorra,13.3,1.7,7.5,71.2,29.0,−7.0,25.4,11.4,18.5,85.6,35.9,2.0,Q228,7.5,-1.4,3.0,67.9,19.0,−13.0,8.9,-1.8,3.5,37.9,20.0,−16.0,6.9,-2.5,2.2,53.1,18.0,−15.0,26.2,11.4,18.8,60.7,39.0,3.0,21.9,8.8,15.4,84.2,37.4,0.0,64500,11.7,-0.2,5.8,40.5,24.8,−11.0,17.6,5.3,11.5,89.8,29.2,−2.0,y,10.7,0.6,5.7,68.4,21.2,−10.5,16.0,4.7,10.3,72.4,31.0,−6.0,green,Catholic_Church,21.4,8.5,14.9,80.9,32.0,0,y,ACDA,150.0,15.6,3.9,9.8,812.3,39.0,−19.5,,2017,203.0,203.0,,,,,,,,,,,,,,,,,,,,,,,,,,,,,,,,,,,,,,,,,,,,,,,,,,,,,,,,,,,,,,,,,,,,,,,,,,,,,,,,,,,,,,,,,,,,,,,,,,,,,,,,,,,,,,,,,,,,,,,,,,,,,,,,,,,,,,,,,,,,,,,,,,,,,,,,,,,,,,,,,,,,,,,,907.0,803.0,52.0,10.0,0.0,0.0,5.73,88.53,6.48,884.0,23.0,2.6,Europe
2,2,138.0,Armenia,National_Assembly_(Armenia),Mer_Hayrenik,Yerevan,Dram,capital,Armenian_language,Republic of Armenia,State,History_of_Armenia,,Armenia_Time,Armenian,7/5/1995,Unitary_state,,Armen_Sarksyan,Prime_Minister_of_Armenia,101.5,4,,29743.0,11484,Telephone_numbers_in_Armenia,Republic of Armenia,AMD,,right,,1.34E+10,4527.0,2019.0,3.29E+10,10995.0,2019.0,29.9,decrease,2019.0,0.776,increase,81.0,2019.0,,Mer Hayrenik,,Armenian_language,,4.71,,2011.0,99.0,262.9,2963900,Q1 2021,Armenia__HistoricalEvent__9,,Armenia__PersonFunction__3,0.776,29743.42346,,101.5062575,2963900.0,374,4.71,29.9,Armenia,,,,,,,,,,,,,,,,,,,,,,,,,,,,,,,,,,,,,,,,,,,,,,,,,,,,,,,,,,,,,,,,,,,,,,,Christianity,,,,,,,,,198.0,,,,,,,,2011,137.0,137.0,104.0,127.0,324.0,Russians_in_Armenia,Hayastani Hanrapetut’yun,,,,,,,,,,,,,,,,,,,,,,,,,,,,,,,,,,,,,,,,,,,,,,,,,,,,,,,,,,,,,,,,,,,,,,,,,,,,,,,,,,,,,,,,,,,,,,,,,,,,,,,,,,,,,,,,,,,,,,,,,,,,,,,,,,,,,,,,,,,,,,,,,,,,,,,,,,,,,,,,,,,37390.0,26665.0,10014.0,73.0,6.0,187.0,1.9,71.32,2.67,34981.0,2409.0,6.89,Europe
3,3,113.0,Austria,Austrian_Parliament,,Vienna,Euro,capital,,Largest cities of Austria,Republic,History_of_Austria,Central_European_Summer_Time,Central_European_Time,Austrian,since 1945,Federal_republic,Burgenland Croatian,Alexander_Van_der_Bellen,Vice_Chancellor_of_Austria,106.0,1,2,83879.0,32385.9,Telephone_numbers_in_Austria,Republic of Austria,EUR,,right,State Treaty in effect,"$446,315 billion",50277.0,2019.0,4.61E+11,51936.0,2018.0,27.0,decrease,2020.0,0.922,increase,18.0,2019.0,Recognised languages,,,,,0.84,,,106.0,262.6,8935112,20-Oct,Austria__HistoricalEvent__9,Hungarian_language,Austria__PersonFunction__3,0.922,83879.0,,106.0,8935112.0,43,0.84,27.0,Austria,7.1,-1.3,2.9,87.0,,,14.3,7.7,12.2,138.0,,,,0.1,-6.6,-3.3,72.0,,,0.3,-7.6,-3.7,66.0,,,-0.7,-8.2,-4.5,73.0,,,16.8,8.0,12.7,148.0,,,17.4,6.0,10.6,126.0,,,"Lech, Vorarlberg  Dfc, bordering on Dfb.",3.5,-4.7,-0.6,80.0,,,11.8,2.8,7.3,115.0,,,Yes,3.7,-2.9,0.4,83.0,,,9.7,1.6,5.6,74.0,,,green,,15.1,5.6,9.9,96.0,,,Yes,,,,,,,,,,2012,97.0,97.0,15.0,27.0,,Yugoslavs,,Australia,#ddd,"Wolfsberg, CarinthiaWolfsberg",Austria,17.0,Official_language,National_Council_(Austria),2018,Federal_Council_(Austria),,,,,,,,,,,,,,,,,,,,,,,,,,,,,,,,,,,,,,,,,,,,,,,,,,,,,,,,,,,,,,,,,,,,,,,,,,,,,,,,,,,,,,,,,,,,,,,,,,,,,,,,,,,,,,,,,,,,,,,,,,,,,,,,,,,,,,,,,,,,,,,,,,,,,,,,,,20558.0,18246.0,1599.0,86.0,1.0,37.0,3.47,88.75,3.91,19743.0,815.0,4.13,Europe
4,4,112.0,Azerbaijan,National_Assembly_(Azerbaijan),,File:Coat_of_arms_of_Baku.svg,Azerbaijani_manat,capital,Azerbaijani_language,Republic of Azerbaijan,Country,History_of_Azerbaijan,,Azerbaijan_Time,Azerbaijani,,Unitary_state,Languages_of_Azerbaijan,Ali_Asadov,Vice_President_of_Azerbaijan,115.0,4,,86600.0,33436,Telephone_numbers_in_Azerbaijan,Republic of Azerbaijan,AZN,,right,Independence from Soviet Union,4.53E+10,4498.0,2019.0,1.89E+11,18793.0,2019.0,33.7,increase,2008.0,0.756,increase,88.0,2019.0,,,,Azerbaijani_language,,1.6,,,99.0,293.0,10130100,21-Apr,Azerbaijan__HistoricalEvent__6,Languages_of_Azerbaijan,Azerbaijan__PersonFunction__4,0.756,86600.0,,115.0,10130100.0,994,1.6,33.7,Azerbaijan,,,,,,,,,,,,,,,,,,,,,,,,,,,,,,,,,,,,,,,,,,,,,,,,,,,,,,,,,,,,,,,,,,,,,,,Christianity_in_Azerbaijan,,,,,,,,,200.0,,,,,,,others]],2009,90.0,90.0,,,,Lezgins,,,,,,,Minority languages,,,,Location of Azerbaijan  with territory controlled by the self-proclaimed Republic of Artsakh shown in light green.,,,,,,,,,,,,,,,,,,,,,,,,,,,,,,,,,,,,,,,,,,,,,,,,,,,,,,,,,,,,,,,,,,,,,,,,,,,,,,,,,,,,,,,,,,,,,,,,,,,,,,,,,,,,,,,,,,,,,,,,,,,,,,,,,,,,,,,,,,,,,,,,,,,,,,,,,30446.0,23242.0,6781.0,396.0,6.0,558.0,1.39,76.34,1.82,27890.0,2556.0,9.16,Europe
5,5,84.0,Belarus,National_Assembly_of_Belarus,My_Belarusy,Minsk,Belarusian_ruble,capital,Belarusian_language,Republic of Belarus,Country,History_of_Belarus,,Moscow_Time,Belarusian,10/17/2004,Unitary_state,,Alexander Lukashenko,President_of_Belarus,45.8,3,,207595.0,80155,375,Republic of Belarus,BYN,dd.mm.yyyy,right,Independence from USSR,5.77E+10,6133.0,2020.0,1.86E+11,19758.0,2020.0,25.3,increase,2019.0,0.823,increase,53.0,2019.0,Recognized minority language,center,,,,1.4,9413446.0,2019.0,142.0,120.8,population,2021,Belarus__HistoricalEvent__5,Yiddish,Belarus__PersonFunction__2,0.823,207600.497,,46.64114075,,375,1.4,25.3,Belarus,,,,,,,,,,,,,,,,,,,,,,,,,,,,,,,,,,,,,,,,,,,,,,,,,,,,,,,,,,,,,,,,,,,,,,,,,,,,,,,,,,,,,,,,2019,96.0,96.0,84.0,75.0,,Russians_in_Belarus,,,,,,66.0,,House_of_Representatives_of_Belarus,2011,Council_of_the_Republic_of_Belarus,,69,,,,,,,,,,,,,,,,,,,,,,,,,,,,,,,,,,,,,,,,,,,,,,,,,,,,,,,,,,,,,,,,,,,,,,,,,,,,,,,,,,,,,,,,,,,,,,,,,,,,,,,,,,,,,,,,,,,,,,,,,,,,,,,,,,,,,,,,,,,,,,,,,,,,,,,,67251.0,60492.0,6221.0,119.0,4.0,67.0,0.8,89.95,0.89,66213.0,1038.0,1.57,Europe
6,6,136.0,Belgium,Belgian_Federal_Parliament,La_Brabançonne,Brussels,Euro,capital,German_language,Kingdom of Belgium,State,Belgian_Revolution,Central_European_Summer_Time,Central_European_Time,Belgian,1839-04-19,Constitutional_monarchy,,Alexander_De_Croo,Monarchy_of_Belgium,376.0,1,2,30689.0,,Telephone_numbers_in_Belgium,Kingdom of Belgium,EUR,,right,Declared,5.03E+11,43814.0,2020.0,5.76E+11,50114.0,2020.0,25.4,decrease,2020.0,0.919,increase,17.0,2019.0,,"""La Brabançonne""",,German_language,,0.71,,,22.0,,11492641,2020,Belgium__HistoricalEvent__2,,Belgium__PersonFunction__2,0.919,30689.0,"""Unity makes strength""",376.0,11492641.0,32,0.71,25.4,Belgium,,,,,,,,,,,,,,,,,,,,,,,,,,,,,,,,,,,,,,,,,,,,,,,,,,,,,,,,,,,,,,,,,,,,,,,Catholic_Church_in_Belgium,,,,,,,,"— Julius Caesar, De Bello Gallico, Book I, Ch. 1",33.0,,,,,,,,,82.0,82.0,16.0,26.0,,,,,,,,18.0,,Chamber_of_Representatives_(Belgium),2019,Chamber_of_Representatives_(Belgium),,36,,1.0,from the Netherlands,"Gaul is divided into three parts, one of which the Belgae inhabit, the Aquitani another, those who in their own language are called Celts, in ours Gauls, the third.

 Of all these, the Belgae are the strongest  .","""Unity makes strength""",,,,,,,,,,,,,,,,,,,,,,,,,,,,,,,,,,,,,,,,,,,,,,,,,,,,,,,,,,,,,,,,,,,,,,,,,,,,,,,,,,,,,,,,,,,,,,,,,,,,,,,,,,,,,,,,,,,,,,,,,,,,,,,,,,,,,,,,,,,,,,,,,,,66428.0,17452.0,39154.0,402.0,1.0,14.0,14.79,26.27,56.28,64094.0,2334.0,3.64,Europe
7,7,125.0,Bosnia and Herzegovina,Parliamentary_Assembly_of_Bosnia_and_Herzegovina,National_Anthem_of_Bosnia_and_Herzegovina,Sarajevo,Bosnia_and_Herzegovina_convertible_mark,capital,,Bosnia and Herzegovina,Country,History_of_Bosnia_and_Herzegovina,Central_European_Summer_Time,Central_European_Time,"Bosnian,Herzegovinian",12/14/1995,Constitution_of_Bosnia_and_Herzegovina,None,Željko Komšićb,,69.0,1,2,51129.0,19741,Telephone_numbers_in_Bosnia_and_Herzegovina,Bosnia and Herzegovina,BAM,dd. mm. yyyy.,Left-_and_right-hand_traffic,SR Bosnia and Herzegovina within SFR Yugoslavia,2.20E+10,6727.0,2021.0,5.20E+10,15935.0,2021.0,32.7,decrease,2015.0,0.78,increase,73.0,2019.0,Official languages,"""Državna himna Bosne i Hercegovine, Државна химна Босне и Херцеговине""",,,,1.4,3531159.0,2013.0,,179.0,3824782,2021,Bosnia_and_Herzegovina__HistoricalEvent__9,Croatian_language,Bosnia_and_Herzegovina__PersonFunction__4,0.78,51129.0,,69.11228638,3824782.0,387,1.4,32.7,Bosnia_and_Herzegovina,,,,,,,,,,,,,,,,,,,,,,,,,,,,,,,,,,,,,,,,,,,,,,,,,,,,,,,,,,,,,,,,,,,,,,,—30.7% Orthodoxy,,,,,,,,,220.0,,,,,,,,2013,130.0,130.0,89.0,115.0,,,,,#ddd,,,77.0,Official languages,House_of_Representatives_of_Bosnia_and_Herzegovina,2013,House_of_Representatives_of_Bosnia_and_Herzegovina,,114,,,,,,Religion,Percent,47.0,,,,,,,,,,,,,,,,,,,,,,,,,,,,,,,,,,,,,,,,,,,,,,,,,,,,,,,,,,,,,,,,,,,,,,,,,,,,,,,,,,,,,,,,,,,,,,,,,,,,,,,,,,,,,,,,,,,,,,,,,,,,,,,,,,,,,,,,,,,,,,,,10498.0,4930.0,5274.0,731.0,14.0,375.0,2.8,46.96,5.96,8479.0,2019.0,23.81,Europe
8,8,103.0,Bulgaria,National_Assembly_(Bulgaria),Mila_Rodino,Sofia,Bulgarian_lev,capital,Bulgarian_language,Republic of Bulgaria,Country,History_of_Bulgaria,Eastern_European_Summer_Time,Eastern_European_Time,Bulgarian,11/15/1990,Unitary_state,Cyrillic_script,Stefan_Yanev_(Bulgarian_politician),Vice_President_of_Bulgaria,63.0,2,3,110994.0,42811,Telephone_numbers_in_Bulgaria,Republic of Bulgaria,BGN,,right,Principality_of_Bulgaria,7.78E+10,11321.0,2021.0,1.75E+11,25471.0,2021.0,40.0,decrease,2020.0,0.816,steady,56.0,2019.0,,Mila Rodino,,Bulgarian_language,,2.16,,,120.0,166.0,6875040,21-Jun,Bulgaria__HistoricalEvent__5,Cyrillic_script,Bulgaria__PersonFunction__4,0.816,110993.6,,63.0,6875040.0,359,2.16,40.0,Bulgaria,,,,,,,,,,,,,,,,,,,,,,,,,,,,,,,,,,,,,,,,,,,,,,,,,,,,,,,,,,,,,,,,,,,,,,,,,,,,,,,,129.0,,,,,,,,2011,106.0,106.0,61.0,68.0,,Romani_people_in_Bulgaria,,,,,,55.0,Official_script,,,,,73,,,,,,,,,no,,,,,,,,,,,,,,,,,,,,,,,,,,,,,,,,,,,,,,,,,,,,,,,,,,,,,,,,,,,,,,,,,,,,,,,,,,,,,,,,,,,,,,,,,,,,,,,,,,,,,,,,,,,,,,,,,,,,,,,,,,,,,,,,,,,,,,,,,,,,,,,10621.0,5585.0,4689.0,194.0,7.0,230.0,3.27,52.58,6.21,8929.0,1692.0,18.95,Europe
9,9,124.0,Croatia,Croatian_Parliament,"""Lijepa naša domovino""",Zagreb,Croatian_kuna,capital,Croatian_language,Republic of Croatia,State,,Central_European_Summer_Time,Central_European_Time,Croatian,7/1/2013,Unitary_state,Latin,Gordan_Jandroković,Speaker_of_the_Croatian_Parliament,73.0,1,2,56594.0,21851,Telephone_numbers_in_Croatia,Republic of Croatia,HRK,dd.mm.yyyy.,right,Secession from,6.32E+10,15646.0,2020.0,1.18E+11,29207.0,2020.0,28.3,decrease,2020.0,0.851,increase,43.0,2019.0,,,,Croatian,St._Joseph,1.09,4284889.0,2011.0,109.0,189.0,4058165,2020,Croatia__HistoricalEvent__9,Latin_alphabet,Croatia__PersonFunction__3,0.851,56594.0,,72.97330796,4058165.0,385,1.09,28.3,Croatia,,,,,,,,,,,,,,,,,,,,,,,,,,,,,,,,,,,,,,,,,,,,,,,,,,,,,,,,,,,,,,,,,,,,,,,,,,,,,,,,190.0,,,,,,,,2011,128.0,128.0,55.0,77.0,,Serbs_of_Croatia,,,,,,49.0,Writing_system,,2011,,,80,,,,,,,,,,,,,,,,,,,,,,,,,,,,,,,,,,,,,,,,,,,,,,,,,,,,,,,,,,,,,,,,,,,,,,,,,,,,,,,,,,,,,,,,,,,,,,,,,,,,,,,,,,,,,,,,,,,,,,,,,,,,,,,,,,,,,,,,,,,,,,,,,,,,,,,,4881.0,3936.0,806.0,24.0,3.0,70.0,2.85,80.64,3.53,4370.0,511.0,11.69,Europe
10,10,162.0,Cyprus,House_of_Representatives_(Cyprus),,Nicosia,Euro,capital,Turkish_language,Republic of Cyprus,Country,Independence,Eastern_European_Summer_Time,Eastern_European_Time,Cypriot,5/1/2004,Unitary_state,,Vacant,Vice_President_of_Cyprus,123.4,2,3,9251.0,3572,Telephone_numbers_in_Cyprus,Republic of Cyprus,EUR,,Right-_and_left-hand_traffic,Joined the EU,2.50E+10,28888.0,2019.0,3.60E+10,41572.0,2019.0,31.1,increase,2019.0,0.887,increase,33.0,2019.0,Vernaculars,File:Greece_national_anthem.ogg,,,,9,838897.0,2011.0,82.0,319.5,,,Cyprus__HistoricalEvent__4,Cypriot_Greek,Cyprus__PersonFunction__3,0.887,9251.43753,,123.3596397,,357,9.0,31.1,Cyprus,,,,,,,,,,,,,,,,,,,,,,,,,,,,,,,,,,,,,,,,,,,,,,,,,,,,,,,,,,,,,,,,,,,,,,,,,,,,,,,,227.0,,,,,,,,,158.0,158.0,33.0,114.0,,Armenian_Cypriots,,Cypress,#ddd,,,35.0,Minority languages,,2020,,"Location of Cyprus , showing the Republic of Cyprus in darker green and the self-declared republic of Northern Cyprus in brighter green, with the rest of the European Union shown in faded green",126,,,,,,religion,percent,,,Total,,,,,,,,,,,,,,,,,,,,,,,,,,,,,,,,,,,,,,,,,,,,,,,,,,,,,,,,,,,,,,,,,,,,,,,,,,,,,,,,,,,,,,,,,,,,,,,,,,,,,,,,,,,,,,,,,,,,,,,,,,,,,,,,,,,,,,,,,,,,,,1060.0,852.0,189.0,3.0,0.0,0.0,1.79,80.38,2.23,1038.0,22.0,2.12,Europe
11,11,,,,,,,,,,,,,,,,,,,,,,,,,,,,,,,,,,,,,,,,,,,,,,,,,,,,,,,,,,,,,,,,,,,Czechia,,,,,,,,,,,,,,,,,,,,,,,,,,,,,,,,,,,,,,,,,,,,,,,,,,,,,,,,,,,,,,,,,,,,,,,,,,,,,,,,,,,,,,,,,,,,,,,,,,,,,,,,,,,,,,,,,,,,,Czech_Republic,,,,,,,,,,,,,,,,,,,,,,,,,,,,,,,,,,,,,,,,,,,,,,,,,,,,,,,,,,,,,,,,,,,,,,,,,,,,,,,,,,,,,,,,,,,,,,,,,,,,,,,,,,,,,,,,,,,,,,,,,,,,,,,,,,,,,,,,,,,,,,,,,,,,,,,,,
12,12,130.0,Denmark,Folketing,,Copenhagen,Danish_krone,capital,Danish_language,Kingdom of Denmark,Country,History_of_Denmark,Central_European_Summer_Time,Central_European_Time,Dane,1/1/1973,Constitutional_monarchy,,Henrik_Dam_Kristensen,Monarchy_of_Denmark,137.65,1,2,42933.0,,298,Kingdom of Denmark,DKK,YYYY-MM-DD,Right,,3.70E+11,63829.0,2018.0,2.99E+11,51643.0,2018.0,27.3,decrease,2020.0,0.94,increase,10.0,2019.0,,,,Danish_language,,1.74,,,,,5850189,Q3 2021,Denmark__HistoricalEvent__4,Greenlandic_language,Denmark__PersonFunction__3,0.94,42933.0,,137.65,5850189.0,45,1.74,27.3,Denmark,11.5,3.6,7.5,37.0,,,21.2,13.5,17.2,91.0,,,,4.2,−0.3,2.2,61.0,,,3.3,−1.3,1.2,50.0,,,3.3,−0.8,1.5,66.0,,,21.6,13.4,17.4,77.0,,,18.5,10.6,14.6,68.0,,,Denmark,6.1,−0.2,3.0,43.0,,,15.5,7.4,11.4,53.0,,,Yes,7.9,3.2,5.7,75.0,,,12.3,6.2,9.4,83.0,,,green,Church_of_Denmark,17.5,10.2,13.8,62.0,,,Yes,,,11.9,5.5,8.8,765.0,,,"*86.11% Danish
* Faroese
Indigenous status:
* Inuit
Minority status:
* German
Other:
* 13.89% non-Danish",,,,6.0,34.0,,Greenlandic_Inuit,,,,,,19.0,,,2020,,"Location of the Kingdom of Denmark , including Greenland, the Faroe Islands , and Denmark proper",52,,,,,,,,,,Entire kingdom,,"Sovereign state
*",75.0,1739.0,11.0,16.0,17.0,15.0,center,18.0,14.0,13.0,250.0,13.0,13.0,20.0,17.0,14.0,198.0,196.0,45.0,71.0,,47.0,232.0,239.0,250.0,146.0,235.0,58.0,111.0,56081.0,Greenland,Greenlandic_language,162.0,,,,,,,,,,,,,,,,,,,,,,,,,,,,,,,,,,,,,,,,,,,,,,,,,,,,,,,,,,,,,,,,,,,,,,,,,,,,,,,,,,,,,,,,,,,,,,,,,,,,,,,,,,,13761.0,12605.0,543.0,109.0,0.0,77.0,4.45,91.6,4.86,13453.0,308.0,2.29,Europe
13,13,129.0,Estonia,Riigikogu,"Mu_isamaa,_mu_õnn_ja_rõõm",Tallinn,Euro,Tallinn,,Republic of Estonia,Country,History_of_Estonia,Eastern_European_Summer_Time,Eastern_European_Time,Estonian,,Unitary_state,,Jüri_Ratas,Riigikogu,30.9,+02:00,180,45227.0,17505,Telephone_numbers_in_Estonia,Republic of Estonia,EUR,,,Joined the EU,3.50E+10,26377.0,2021.0,4.96E+10,39543.0,2021.0,30.5,steady,2020.0,0.892,increase,29.0,2019.0,,center|alt=sound file of Estonian national anthem,,,,5.16,1294455.0,,148.0,75.0,1330068,2021,Estonia__HistoricalEvent__6,,Estonia__PersonFunction__3,0.892,45337.74187,,30.9,1330068.0,372,5.16,30.5,Estonia,,,,,,,,,,,,,,,,,,,,,,,,,,,,,,,,,,,,,,,,,,,,,,,,,,,,,,,,,,,,,,,,,,,,,,,,,,,,,,,,124.0,,,,,,,,2021,,,35.0,97.0,,,,,,,,37.0,Official language,,2011,,,,,,from Russia and Soviet Union,,,,,,,,,,,,,,,,,,,,,,,,,,,,,,,,,,,,,,,,,,,54.0,58.0,Business Bribery Risk Score,Country,35.0,,,,,,,,,,,,,,,,,,,,,,,,,,,,,,,,,,,,,,,,,,,,,,,,,,,,,,,,,,,,,,,,,,,,,,,,,,,,,,,,,,,,,,,,,,,,,,,,,,,,,,2034.0,1923.0,42.0,0.0,0.0,1.0,3.39,94.54,3.59,2021.0,13.0,0.64,Europe
14,14,65.0,Finland,Parliament_of_Finland,,Helsinki,Euro,capital,Finnish_language,Republic of Finland,State,Independence_of_Finland,Eastern_European_Summer_Time,Eastern_European_Time,Finnish,January – May 1918,Unitary_state,,Anu_Vehviläinen,Speaker_of_the_Parliament_of_Finland,16.0,2,3,338455.0,130596,Telephone_numbers_in_Finland,Republic of Finland,EUR,d.m.yyyy,right,Joined the EU,2.77E+11,48461.0,2020.0,2.57E+11,49334.0,2020.0,26.5,increase,2020.0,0.938,increase,11.0,2019.0,,center,,,,9.71,,,213.0,41.0,5536146,20-Dec,Finland__HistoricalEvent__7,Finnish_Sign_Language,Finland__PersonFunction__3,0.938,338455.0,,15.8301885,5536146.0,358,9.71,26.5,Finland,,,,,,,,,,,,,,,,,,,,,,,,,,,,,,,,,,,,,,,,,,,,,,,,,,,,,,,,,,,,,,,,,,,,,,,,,,,,,,,,180.0,,,,,,,,2020,116.0,116.0,14.0,43.0,,Demographics_of_Africa,,,,,,19.0,,,2020,,,60,,,from Russia,,,,,,,,,,,,,,,,,,,,,,,,,,,,,,,,,,,,,,,,,,,,,,,,left,,,,,,,,,,,,,,,,,,,,,,,,,,,,,,,,,,,,,,,,,,,,,,,,,,,,,,,,,,,,,,,,,,,,,,,,,,,,,,,,,,,,,,,,,,,,,,,,,,,,,7398.0,6920.0,149.0,5.0,0.0,0.0,4.45,93.54,4.75,7340.0,58.0,0.79,Europe
15,15,42.0,France,French_Parliament,La_Marseillaise,Paris,CFP franc,capital,,French Republic,State,History_of_France,Central European Summer Time,Central_European_Time,French,August 843,Unitary_state,French,Gérard_Larcher,President_of_France,116.0,1,2,640679.0,248600,33,French Republic,,yyyy,right,Treaty of Verdun,2.94E+12,44995.0,2021.0,3.23E+12,49492.0,2021.0,29.2,increase,2019.0,0.901,increase,26.0,2019.0,,alt=sound clip of the Marseillaise French national anthem,"""",,,0.86,,,89.0,301.0,67413000,21-May,France__HistoricalEvent__5,French_language,France__PersonFunction__4,0.901,643871.0442,"""Liberty, Equality, Fraternity""",116.0,67413000.0,33,0.86,29.2,France,,,,,,,,,,,,,,,,,,,,,,,,,,,,,,,,,,,,,,,,,,,,,,,,,,,,,,,,,,,,,,,,,,,,,,,,,,,,,,,,,,,,,,,,,20.0,20.0,24.0,7.0,,,,Francia,,,,25.0,Official language,National_Assembly_(France),2020,Senate_(France),,9,,,,,"""Liberty, Equality, Fraternity""",,,,,Metropolitan France,,,75.0,,,,,,,,,,,,,,,,,,,,,,,,,,,,,65239000.0,"Metropolitan France, estimate",,,,,,,,,,,,,,,,,,,,,,,,,,,,,,,,,,,,,,,,,,,,,,,,,,,,,,,,,,,,,,,,,,,,,,,,,,,,,,,,,,,,,,,,,,,,,,,,,,,,,,,,,,,,,220352.0,81212.0,108928.0,2551.0,17.0,267.0,13.71,36.86,37.2,214023.0,6329.0,2.96,Europe
16,16,,,,,,,,,,,,,,,,,,,,,,,,,,,,,,,,,,,,,,,,,,,,,,,,,,,,,,,,,,,,,,,,,,,Georgia,,,,,,,,,,,,,,,,,,,,,,,,,,,,,,,,,,,,,,,,,,,,,,,,,,,,,,,,,,,,,,,,,,,,,,,,,,,,,,,,,,,,,,,,,,,,,,,,,,,,,,,,,,,,,,,,,,,,,,,,,,,,,,,,,,,,,,,,,,,,,,,,,,,,,,,,,,,,,,,,,,,,,,,,,,,,,,,,,,,,,,,,,,,,,,,,,,,,,,,,,,,,,,,,,,,,,,,,,,,,,,,,,,,,,,,,,,,,,,,,,,,,,,,,,,,,,,,,,,,,,,,,,,,,,,
17,17,63.0,Germany,,Deutschlandlied,Berlin,Euro,capital,,Germany,Republic,History_of_Germany,Central_European_Summer_Time,Central_European_Time,German,10/3/1990,Federation,German,Olaf_Scholz,Chancellor_of_Germany_(Federal_Republic_of_Germany),232.0,1,2,357022.0,137847,,Federal Republic of Germany,EUR,,Right,-18,4.32E+12,51860.0,2021.0,4.74E+12,56956.0,2021.0,29.7,decrease,2019.0,0.947,increase,6.0,2019.0,,File:German national anthem performed by the US Navy Band.ogg,,,,1.27,,,58.0,601.0,83190556,2020,Germany__HistoricalEvent__5,German_language,Germany__PersonFunction__3,0.947,357022.091,,232.0473973,83190556.0,,1.27,29.7,Germany,,,,,,,,,,,,,,,,,,,,,,,,,,,,,,,,,,,,,,,,,,,,,,,,,,,,,,,,,,,,,,,,,,,,,,,,,,,,,,,,155.0,,,,,,,,,18.0,18.0,15.0,4.0,,,,,,,,15.0,Official language,Bundestag,,Bundesrat_of_Germany,,5,,,,,,,,,,,,,,,,,,,,,,,250.0,,,,,,,,,,,,,,,,,,,,,,,,,,,,,,,,,,,,,,,,,,,,,,,,,,,,,,,,,,,,,,,,,,,,,,,,,,,,,,,,,,,,,,,,,,,,,,,,,,,,,,,,,,,,,,,,,,,,,,,,,,,,,,,,,207112.0,190314.0,7673.0,445.0,1.0,259.0,4.41,91.89,4.79,203325.0,3787.0,1.86,Europe
18,18,95.0,Greece,Hellenic_Parliament,Hymn_to_Liberty,Athens,Euro,capital,,Hellenic Republic,Country,History_of_Greece,Eastern_European_Summer_Time,Eastern_European_Time,Greek,",",Unitary_parliamentary_republic,Greek_language,Katerina Sakellaropoulou,Prime_Minister_of_Greece,82.0,+02:00,180,131957.0,50949,Telephone_numbers_in_Greece,Hellenic Republic,EUR,--,right,Independence declared,1.94E+11,18168.0,2020.0,3.11E+11,29045.0,2020.0,31.1,increase,2020.0,0.888,increase,32.0,2019.0,,,,,,1.51,10816286.0,2011.0,98.0,212.0,10718565,2020,Greece__HistoricalEvent__3,Greek_language,Greece__PersonFunction__3,0.888,131957.3042,"(""Freedom or Death"")",82.0,10718565.0,30,1.51,31.1,Greece,,,,,,,,,,,,,,,,,,,,,,,,,,,,,,,,,,,,,,,,,,,,,,,,,,,,,,,,,,,,,,,,,,,,,,,Church_of_Greece,,,,,,,,,211.0,,,,,,,,,85.0,85.0,41.0,51.0,,,,,,,,47.0,Official language,,2017,,,53,,,,,,,,60.0,,,,,,,,,,,left,,,,,,,,,,,,,,,,,,,,,,,,,,,,,,,,,,,,,,,,,,,,,,,,,,,,,,,,,,,,,,,,,,,,,,,,,,,,,,,,,,,,,,,,,,,,,,,,,,,,,,,,,,,,,,,,,,,,,,,,,,,,,,,,,,,,,4227.0,1374.0,2651.0,34.0,0.0,0.0,4.78,32.51,14.7,4012.0,215.0,5.36,Europe
19,19,,,Parliament_of_Greenland,,Nuuk,Danish_krone,capital,,Greenland,Country,,,,Greenlander,6/21/2009,Devolved government within a parliamentary constitutional monarchy,"Danish, English, and other languages if necessary",Múte_Bourup_Egede,,0.028,,,2166086.0,836109,Telephone_numbers_in_Greenland,,DKK,dd-mm-yyyy,right,,3.05E+09,,,1.80E+09,37000.0,2011.0,33.9,steady,2015.0,0.786,increase,61.0,2010.0,,,,Greenlandic,,83.1,,,,0.069,56081,2020,,,,,,,,,,,,Greenland,,,,,,,,,,,,,Q223,,,,,,,,,,,,,,,,,,,,,,,,,,,,,,,,,,,,,,,,,,,,,,,,,,,,,,,,,,Christianity,,,,,,,,,,,,,,,,"Indigenous status:
*88.9% Inuit  
Non-Indigenous: 
*7.8% Danish 
*1.1% Nordic 
*1.4% Others",2018,210.0,,,,,,,,#ddd,,,40.0,Recognised languages,,,,Location of Greenland,not ranked,,,,,,Ethnic groups,percent,,,,,,,,,,,,center,,,,,,,,,,,,,,,,,,,,,,,,,,,,,,,,,,39.0,List_of_postal_codes_in_Greenland,Kingdom_of_Denmark,Sovereign_state,3700.0,Flag of Greenland,2.0,Folketing,Coat of arms of Greenland,Coat of arms,Востраў_Грэнландыя,,,,,,,,,,,,,,,,,,,,,,,,,,,,,,,,,,,,,,,,,,,,,,,,,,,,,,,,,,,,,,,,,,,,,,,,,,,,,,,,,,,,,,,,,,,,,,,,,,,,,
20,20,,,,,,,,,Holy See,Jurisdiction,Sovereign subject of international law,,,Pontifical,Early_Church,Unitary_state,Italian,Pietro_Parolin,Cardinal_Secretary_of_State,,,,,,,Holy See,,,,>,,,,,,,,,,,,,,Working languages,,,,Saint_Peter,,,,,,,,Holy_See__HistoricalEvent__8,,Holy_See__PersonFunction__2,,,,,,,,,Holy_See,,,,,,,,,,,,,,,,,,,,,,,,,,,,,,,,,,,,,,,,,,,,,,,,,,,,,,,,,,,,,,,,,,,,,,,Catholic_Church,,,,,,,,,100.0,,,,,,,,,,,,,,,,Vatican_City,,,,,,,,,,,en.html%7CVatican.va,,,,,,,,,,,,,,,,,,,,,,,,,,,,,,,,,,,,,,,,,,,,,,,,,,,,,,,,,,,,,,,vatican,Flag of Vatican City,Catholic_Church,,,,,,,,,,,,,,,,,,,,,,,,,,,,,,,,,,,,,,,,,,,,,,,,,,,,,,,,,,,,,,,,,,,,,,,,,,,,,,,,,,,,,,,,,,,,,,,,,,
21,21,108.0,Hungary,National_Assembly_(Hungary),,Budapest,Hungarian_forint,capital,Hungarian_language,Current Structure of the National Assembly of Hungary,State,History_of_Hungary,Central_European_Summer_Time,Central_European_Time,Hungarian,1/1/2012,Unitary_state,,János_Áder,List_of_Speakers_of_the_National_Assembly_of_Hungary,9769526.0,1,2,93030.0,35919,Telephone_numbers_in_Hungary,Hungary,HUF,yyyy.mm.dd.,right,Joined the European Union,1.50E+11,15373.0,2020.0,3.16E+11,32434.0,2020.0,28.3,increase,2020.0,0.854,increase,40.0,2019.0,,center,,Hungarian_language,Stephen_I_of_Hungary,3.7,,,78.0,9769526.0,9730000,2021,Hungary__HistoricalEvent__9,,Hungary__PersonFunction__3,0.854,93030.0,,9769526.0,9730000.0,36,3.7,28.3,Hungary,,,,,,,,,,,,,,,,,,,,,,,,,,,,,,,,,,,,,,,,,,,,,,,,,,,,,,,,,,,,,,,,,,,,,,,,,,,,,,,,143.0,,,,,,,,microcensus 2016,91.0,91.0,45.0,53.0,,Germans_of_Hungary,,,,,,41.0,,,census 2011,,,53,,,,,,,,,,,,,50.0,,,,,,,,,,,,,,,,,,,,,,,,,,,,,,,,,,,,,,,,,,,,,,,,,,,,,,"* German minority 
Opposition  
* MSZP-Dialogue group
** MSZP 
** Dialogue 
* Jobbik 
* DK 
* Greens 
* Independents",,,,,,,,,,,,,,,,,,,,,,,,,,,,,,,,,,,,,,,,,,,,,,,,,,,,,,,,,,,,,,,,,,,,,,,,,,,,,,,,,,,,,4448.0,3329.0,523.0,13.0,0.0,0.0,13.4,74.84,17.9,4339.0,109.0,2.51,Europe
22,22,106.0,Iceland,Althing,Lofsöngur,Reykjavík,Icelandic_króna,capital,,Iceland,Country,History_of_Iceland,,Western_European_Time,Icelander,1/1/1970,Unitary_state,Icelandic_language,,,3.5,,,102775.0,39699,Telephone_numbers_in_Iceland,Iceland,ISK,yyyy,Left-_and_right-hand_traffic,Extended home rule,2.08E+10,57189.0,2020.0,1.98E+10,54482.0,2020.0,23.2,decrease,2018.0,0.949,increase,4.0,2019.0,,"""Lofsöngur""",,,Saint_Thorlak,2.07,315556.0,2011.0,190.0,9.2,368720,2021,Iceland__HistoricalEvent__9,Icelandic_language,Iceland__PersonFunction__4,0.949,102819.938,,3.552139859,368720.0,354,2.07,23.2,Iceland,,,,,,,,,,,,,,,,,,,,,,,,,,,,,,,,,,,,,,,,,,,,,,,,,,,,,,,,,,,,,,,,,,,,,,,Ásatrúarfélagið,,,,,,,,,200.0,,,,,,,,2018,179.0,179.0,5.0,,,Poles_in_Iceland,,,,,,16.0,Official language,,2020,,,142,,,,,,,,2.0,,,,,,,,,,,,,,,220.0,,,,,,,,,,,,,,,,,,,,,,,,,,,,,,,,,,,,,,,,,,,,,,,,,,,,,,,,,,,,,,,,,,,,,,,,,,,,,,,,,,,,,,,,,,,,,,,,,,,,,,,,,,,,,,,,,,,,,,,,,,,,,,,,,1854.0,1823.0,21.0,7.0,0.0,0.0,0.54,98.33,0.55,1839.0,15.0,0.82,Europe
23,23,,,,,,,,,Ireland,Island,,,,Irish_people,,,Ulster_Scots_dialect,,,,±0UTC,,84421.0,,,,,,,,,,,,,,,,,,,,,,,,,,,,,,,,,,,,,,,,6572728.0,,,,Ireland,,,,,25.8,−7.7,,,,,31.5,-2.7,,,,,,18.1,−17.5,,,,,18.1,−17.8,,,,,18.5,−19.1,,,,,32.3,-0.3,,,,,33.3,-3.3,Ireland,,,,,23.6,−17.2,,,,,28.4,−5.6,Yes,,,,,20.1,−11.5,,,,,25.2,−8.3,,,,,,,29.1,−3.0,Yes,,,,,,,33.3,−19.1,,,,,,,,,,,,,Republic_of_Ireland,,,,,,,,,,,,,,,,,,,,,,,,,,,,,,,,,,,,,,,,,,,,,,,,,,,,,,,,,,,,,,,,,,,,,,,,,,,19.0,1.0,1041.0,Map of Ireland in Europe.svg,6572728.0,2016.0,20.0,Greenwich_Mean_Time,7524.0,city,77.8,Carrauntoohil,84421.0,1041.0,,,,,,,,,,,,,,,,,,,,,,,,,,,,,,,,,,,,,,,,,,,,,,,,,,,,,,,,,,,,,,,,,,,,,,,,,,,,,,,,,,,
24,24,150.0,Israel,Knesset,Hatikvah,Jerusalem,New shekel,capital,Modern_Hebrew,occupation,State,Independence from the British Empire,Israel_Summer_Time,Israel_Standard_Time,Israeli,5/11/1949,Unitary_state,Arabic,Naftali_Bennett,List_of_Knesset_speakers,,2,3,20770.0,8019,972,State of Israel,ILS,dd-mm-yyyy,right,Admission to the,4.11E+11,44474.0,2020.0,3.72E+11,40336.0,2020.0,34.8,,2018.0,0.919,increase,19.0,2019.0,,Hatikvah,,Modern_Hebrew,,2.71,7412200.0,2008.0,35.0,,,,Israel__HistoricalEvent__3,Modern_Standard_Arabic,Israel__PersonFunction__4,0.919,20770.0,,,,972,2.71,34.8,Israel,,,,,,,,,,,,,Q801,,,,,,,,,,,,,,,,,,,,,,,,,,,,,,,,,,,,,,,,,,,,,,,,,,,,,,,,,,Druze_in_Israel,,,,,,,,,727.0,,,,,,,,2019,99.0,99.0,19.0,31.0,,Arab_citizens_of_Israel,,,,,,34.0,Recognized languages,,2019,,1949,51,,,,"""Therefore I believe that a wonderous generation of Jews will spring into existence. The Maccabaeans will rise again. Let me repeat once more my opening words: The Jews wish to have a State, and they shall have one. We shall live at last as free men on our own soil, and die peacefully in our own home. The world will be freed by our liberty, enriched by our wealth, magnified by our greatness. And whatever we attempt there to accomplish for our own welfare will react with beneficent force for the good of humanity.""",,,,48.0,,,,,,,,,,,,,,,,,,,,,,,,,,,,,,,,,,,,,,,,,,,,,,,,,,,,,,,,,,,,,,,,,,,,,,,,,,1731.0,IL,,,,,,,,,,,,,,,,,,,,,,,,,,,,,,,,,,,,,,,,,,,,,,,,,,,,,,,,,,,,,,,,,,,,,63985.0,27133.0,36378.0,2029.0,4.0,108.0,0.74,42.41,1.75,52003.0,11982.0,23.04,Europe
25,25,71.0,Italy,Italian_Parliament,,Rome,Euro b,capital,Italian_language,Italian Republic,Republic,History_of_Italy,Central_European_Summer_Time,Central_European_Time,Italian,1/1/1958,Unitary_state,Languages_of_Italy,Roberto_Fico,,201.3,1,2,301340.0,116347,+39c,Italian Republic,EUR,,right,Founded the EEC,2.11E+12,34997.0,2021.0,2.61E+12,43376.0,2021.0,32.8,decrease,2019.0,0.892,increase,29.0,2019.0,,"""The Song of the Italians""center",,Italiana,,1.24,59433744.0,2011.0,63.0,521.5,60317116,2020,Italy__HistoricalEvent__4,Languages_of_Italy,Italy__PersonFunction__4,0.892,301340.0,,201.3522757,60317116.0,+39c,1.24,32.8,Italy,,,,,,,,,,,,,Q38,,,,,,,,,,,,,,,,,,,,,,,,,,,,,,,,,,,,,,,,,,,,,,,,,,,,,,,,,,,,,,,,,,,500.0,,,,,,,,2017,23.0,23.0,25.0,8.0,,Italians,,,#ddd,,,29.0,Native languages,Chamber_of_Deputies_(Italy),2020,Chamber_of_Deputies_(Italy),,13,,,,,,,,,,,,,,,,,,,,,,,,,,,,,,,,,,,,,,,,,,,,,,,,,,,,,,,,,,,,,,,,,,,,,,,,,,,,,,,,,,335.0,,2.0,,,,,,,,,,,,,,,,,,,,,,,,,,,,,,,,,,,,,,,,,,,,,,,,,,,,,,,,,,,,,,,,,,,,246286.0,198593.0,12581.0,168.0,5.0,147.0,14.26,80.64,17.68,244624.0,1662.0,0.68,Europe
26,26,9.0,Kazakhstan,Parliament_of_Kazakhstan,Menıñ_Qazaqstanym,Nur-Sultan,Kazakhstani_tenge,Almaty,Kazakh_language,Republic of Kazakhstan,Country,History_of_Kazakhstan,,Time_in_Kazakhstan,Kazakhstani,,Unitary_state,Cyrillic,Mäulen_Äşimbaev,Security_Council_of_Kazakhstan,7.0,11,,2724900.0,1052085,"+7-6xx, +7-7xx",Republic of Kazakhstan,KZT,,right,Reconstituted as the Republic of Kazakhstan,1.79E+11,9686.0,2020.0,5.70E+11,30178.0,2020.0,27.5,increase,2017.0,0.825,increase,51.0,2019.0,Official scripts,Menıñ Qazaqstanym,,Kazakh_language,,1.7,,,236.0,18.0,18711560,2020,Kazakhstan__HistoricalEvent__9,Kazakh_alphabets,Kazakhstan__PersonFunction__5,0.825,2724900.0,,6.949838854,18711560.0,"+7-6xx, +7-7xx",1.7,27.5,Kazakhstan,,,,,,,,,,,,,,,,,,,,,,,,,,,,,,,,,,,,,,,,,,,,,,,,,,,,,,,,,,,,,,,,,,,,,,,,,,,,,,,,,,,,,,,,2020,64.0,64.0,69.0,55.0,365.0,Kazakhstan_Germans,,,#ddd,,,53.0,Co-official,Mazhilis,,Senate_of_Kazakhstan,,41,,,,,,,,,yes,,,,,,,,,,,,,,,,,,,,,,,,,,,,,,,,,,,,,,,,,,,,,,,,,,,,,,,,,,,,,,,,,,,,,,,,,,,,yes,CC BY-SA IGO 3.0,yes,,,,,,,,,,,,,,,,,,,,,,,,,,,,,,,,,,,,,,,,,,,,,,,,,,,,,,,,,,,,,,,,,84648.0,54404.0,29659.0,1526.0,0.0,1833.0,0.69,64.27,1.08,73468.0,11180.0,15.22,Europe
27,27,171.0,Kosovo,Assembly_of_the_Republic_of_Kosovo,Europe_(anthem),a,Euro b,capital,Albanian_language,Republic of Kosovo,Territory,,Central_European_Summer_Time,Central_European_Time,"Kosovar, Kosovan",4/19/2013,Unitary_state,,Vjosa_Osmani,Prime_Minister_of_Kosovo,159.0,1,2,10887.0,4212,Telephone_numbers_in_Kosovo,Republic of Kosovo,EUR,dd.mm.yyyy,Right-_and_left-hand_traffic,"Kosovo Vilayet and
 Independence from Ottoman Empire",8.40E+09,4649.0,2020.0,2.35E+10,13017.0,2020.0,29.0,increase,2017.0,0.742,increase,,2016.0,Regional languages,File:National Anthem of the Republic of Kosovo.ogg,,,,1,,2011.0,,412.0,1935259,2021,Kosovo__HistoricalEvent__8,Turkish_language,Kosovo__PersonFunction__3,0.742,10909.02992,,159.0740893,1935259.0,383,1.0,29.0,Kosovo,,,,,,,,,,,,,,,,,,,,,,,,,,,,,,,,,,,,,,,,,,,,,,,,,,,,,,,,,,,,,,,,,,,,,,,Christianity_in_Kosovo,,,,,,,,,900.0,,,,,,,,2005,152.0,152.0,,,,Turks_in_Kosovo,,,#ddd,,,,,,2011,,Location in Europe,,,,,,,Religion,Percent,121.0,,,,,,,,,,,,,,,,,,,,,,,,,,,,,,,,,,,,,,,,,,,,,,,,,,,,,,,,,,,,,,,,,,,,,,,,,,,XK,,,,,y,"Disputed
* Recognised by 97 out of 193 member states of the United Nations
* Claimed by Serbia as the Autonomous Province of Kosovo and Metohija",Emblem of Kosovo,y,,,,,,,,,,,,,,,,,,,,,,,,,,,,,,,,,,,,,,,,,,,,,,,,,,,,,,,,,,,,,7413.0,4027.0,3201.0,496.0,16.0,274.0,2.5,54.32,4.59,5877.0,1536.0,26.14,Europe
28,28,85.0,Kyrgyzstan,Supreme_Council_(Kyrgyzstan),National_Anthem_of_the_Kyrgyz_Republic,Bishkek,Kyrgyzstani_som,capital,Kyrgyz_language,Kyrgyz Republic,Country,History_of_Kyrgyzstan,,Kyrgyzstan_Time,Kyrgyz,,Unitary_state,Russian,Talant_Mamytov,List_of_Chairmen_of_the_Supreme_Council_of_Kyrgyzstan,27.4,6,,199951.0,,Telephone_numbers_in_Kyrgyzstan,Kyrgyz Republic,KGS,,right,Yenisei_Kyrgyz_Khaganate,8.46E+09,1309.0,2019.0,3.53E+10,5470.0,2019.0,27.7,increase,2018.0,0.697,increase,120.0,2019.0,,File:Kyrgyzstan_(instrumental).ogg,,Kyrgyz_language,,3.6,5362800.0,2009.0,176.0,71.0,6586600,2020,Kyrgyzstan__HistoricalEvent__7,Russian_language,Kyrgyzstan__PersonFunction__3,0.697,199951.0,,27.41325326,6586600.0,996,3.6,27.7,Kyrgyzstan,,,,,,,,,,,,,Q813,,,,,,,,,,,,,,,,,,,,,,,,,,,,,,,,,,,,,,,,,,,,,,,,,,,,,,,,,,Christianity,,,,,,,,,,,,,,,,,2019,110.0,110.0,158.0,141.0,,Turkish_people,,,#ddd,,,134.0,Co-official,,,,,127,,,,,,,,,yes,,,,,,,,,,,,,,,,,,,,,,,,,,,,,,,,,,,,,,,,,,,,,,,,,,,,,,,,,,,,,,,,,,,,,,,,,,KG,,,,,,,,,,,,,,,,,,,,,,,,,,,,,,,,,,,,,,,,,,,,,,,,,,,,,,,,,,,,,,,,,,,,,33296.0,21205.0,10790.0,483.0,24.0,817.0,3.91,63.69,6.14,27143.0,6153.0,22.67,Europe
29,29,122.0,Latvia,Saeima,"Dievs,_svētī_Latviju!",Riga,Euro,capital,Latvian_language,Republic of Latvia,Country,History_of_Latvia,Eastern_European_Summer_Time,Eastern_European_Time,Latvian,5/1/2004,Unitary_state,,Egils_Levits,Speaker_of_the_Saeima,29.6,2,3,64589.0,24938,Telephone_numbers_in_Latvia,Republic of Latvia,EUR,,right,Joined the EU,3.77E+10,19824.0,2021.0,6.35E+10,33393.0,2021.0,35.2,decrease,2019.0,0.866,increase,37.0,2019.0,,"Dievs, svētī Latviju!",,Latviana,,2.09,2070371.0,2011.0,147.0,77.0,1907675,2020,Latvia__HistoricalEvent__5,,Latvia__PersonFunction__3,0.866,64589.1235,,29.6,1907675.0,371,2.09,35.2,Latvia,,,,,,,,,,,,,,,,,,,,,,,,,,,,,,,,,,,,,,,,,,,,,,,,,,,,,,,,,,,,,,,,,,,,,,,,,,,,,,,,220.0,,,,,,,,2019,147.0,147.0,,,,Ukrainians,,,,,,,,,,,,,,,"from Germany, but later from Soviet Union",,,,,,,,,,,,,,,,,,,,,,,,,,,,,,,,,,,,,,,,,,,,,,,,,,,,,,,,,,,,,,,,,,,,,,,,,,,,,,,,,,,,,,,,,,,,,,,,,,,,,,,,,,,,,,,,,,,,,,,,,,,,,,,,,,,,,,,,,,,,,,,,,,,,,1219.0,1045.0,143.0,0.0,0.0,0.0,2.54,85.73,2.97,1192.0,27.0,2.27,Europe
30,30,189.0,Liechtenstein,Landtag_of_Liechtenstein,Oben_am_jungen_Rhein,Vaduz,Swiss_franc,Schaan,German_language,Principality of Liechtenstein,,Independence as principality,Central_European_Time,Central_European_Time,Liechtensteiner,1866-08-23,Unitary_state,,Hans-Adam_II,Prince_of_Liechtenstein,,+01:00,120,160.0,61,Telephone_numbers_in_Liechtenstein,Principality of Liechtenstein,CHF,,right,Vaduz and,5.16E+09,143151.0,2010.0,,98432.0,2013.0,,,,0.919,increase,19.0,2019.0,,Oben am jungen Rhein,"""Für Gott, Fürst und Vaterland""",German_language,,2.7,,,,,38896,,Liechtenstein__HistoricalEvent__3,,Liechtenstein__PersonFunction__3,0.919,157.9892747,"""Für Gott, Fürst und Vaterland""",,38896.0,423,2.7,,Liechtenstein,,,,,,,,,,,,,Q347,,,,,,,,,,,,,,,,,,,,,,,,,,,,,,,,,,,,,,,,,,,,,,,,,,,,,,,,,,Catholic_Church_in_Liechtenstein,,,,,,,,,,,,,,,,,,,,1.0,147.0,,,,,,,,3.0,,,2015,,,149,,,,,,,,,,,,,,,,,,,,,,,,,,,,,,,,,,,,,,,,,,,,,,,,,,,,,,,,,,,,,,,,,,,,,,,,,,,,,,,,,,,,,,,,,,,Liechtenstein,Schaan,municipality,,,,,,,,,,,,,,,,,,,,,,,,,,,,,,,,,,,,,,,,,,,,,,,,,,,,,,,,,,,86.0,81.0,4.0,0.0,0.0,0.0,1.16,94.19,1.23,86.0,0.0,0.0,Europe
31,31,121.0,Lithuania,Seimas,Tautiška_giesmė,Vilnius,Euro,capital,Lithuanian_language,:Lithuania,Country,History_of_Lithuania,Eastern_European_Summer_Time,Eastern_European_Time,Lithuanian,5/1/2004,Unitary_state,,Ingrida_Šimonytė,List_of_rulers_of_Lithuania,43.0,2,3,65300.0,25212,Telephone_numbers_in_Lithuania,Republic of Lithuania,EUR,yyyy-mm-dd,right,Coronation of Mindaugas I,5.60E+10,22752.0,2021.0,1.07E+11,41288.0,2021.0,35.4,decrease,2019.0,0.882,increase,34.0,2019.0,,Tautiška giesmė,,Lithuanian_language,,1.98,,,138.0,111.0,2784279,2021,Lithuania__HistoricalEvent__9,,Lithuania__PersonFunction__3,0.882,65300.0,,43.0,2784279.0,370,1.98,35.4,Lithuania,9.4,1.5,5.5,42.9,31.0,-23,20.6,11.9,16.1,77.0,37.1,-2.9,,-0.1,-3.7,-1.7,47.0,15.6,-34,-1.3,-6.6,-3.5,30.1,16.5,-42.9,-1.7,-6.3,-3.9,36.2,12.6,-40.6,20.9,12.2,16.7,76.9,37.5,0.9,19.9,10.5,15.2,69.0,35.7,-2.8,Lithuania,2.3,-2.8,-0.1,33.9,21.8,-37.5,16.5,7.0,11.6,52.0,34.0,-6.8,yes,3.5,0.1,1.8,50.4,18.5,-23,9.9,4.0,7.0,49.9,26.0,-19.5,,,15.8,8.3,12.2,60.3,35.1,-6.3,yes,Records of Lithuanian climate,300.0,9.5,2.7,6.2,625.5,37.5,-42.9,,census 2019,142.0,142.0,38.0,80.0,,Poles_in_Lithuania,,,#ddd,Šilutė,Lithuania,34.0,,,2016,,,83,lietuva.lt,,,,,,,,,,,,,,,,,,center,,,,,,,,,,,,,,,,,,,,,,,,,,,,,,,,,,,,,,,,,,,,,,,,,,,,,,,,,,,,,,,,,,,,,,,,,,,center,yes,Counties of LithuaniaCounty,,,,,,,,,,,,,,,,,,,,,,,,,,,,,,,,,,,,,,,,,,,,,,,,,,,,,,,,2019.0,1620.0,319.0,11.0,0.0,4.0,3.96,80.24,4.94,1947.0,72.0,3.7,Europe
32,32,167.0,Luxembourg,Chamber_of_Deputies_(Luxembourg),Ons_Heemecht,Luxembourg_City,Euro,capital,Luxembourgish,Luxembourg,Country,Independence,Central_European_Summer_Time,Central_European_Time,Luxembourger,1/1/1958,Unitary_state,,,Co-Deputy Prime Ministers,242.0,1,2,2586.4,998,Telephone_numbers_in_Luxembourg,Grand Duchy of Luxembourg,EUR,yyyy,right,from the French Empire and elevation to Grand Duchy of Luxembourg,6.95E+10,113196.0,2019.0,6.68E+10,112045.0,2020.0,32.3,increase,2019.0,0.916,increase,23.0,2019.0,,"""Ons Heemecht""",,German,,0.23,512353.0,2011.0,58.0,602.8,633622,21-Mar,Luxembourg__HistoricalEvent__7,,Luxembourg__PersonFunction__3,0.916,2586.4,,232.7423812,633622.0,352,0.23,32.3,Luxembourg,,,,,,,,,,,,,,,,,,,,,,,,,,,,,,,,,,,,,,,,,,,,,,,,,,,,,,,,,,,,,,,,,,,,,,,,,,,,,,,,,,,,,,,,,168.0,168.0,1.0,69.0,,,,,,,,2.0,,,2018,,,99,,,,,,,,19.0,,,,,,,,,,,,,,,,,,,,,,,,,,,,,,,,,,,,,,,,,,,,,,,,,,,,,,,,,,,,,,,,,,,,,,,,,,,,,,,,,,,,,,,,,3.0,yes,265.0,"""De Wilhelmus""a",,,,,,,,,,,,,,,,,,,,,,,,,,,,,,,,,,,,,,,,,,,,,,,,,,,,6321.0,4825.0,1384.0,49.0,0.0,178.0,1.77,76.33,2.32,5639.0,682.0,12.09,Europe
33,33,185.0,Malta,Parliament_of_Malta,,Valletta,Euro,St._Paul's_Bay,English_language,Republic of Malta,Country,Independence,Central European Summer Time,Central European Time,Maltese,12/13/1974,Unitary_state,Maltese_Italian,George_Vella,Prime_Minister_of_Malta,1633.0,1,2,316.0,122,356,Republic of Malta,EUR,yyyy,left,Republic,1.51E+10,32021.0,2019.0,$22.802  billion,48246.0,2019.0,28.0,decrease,2019.0,0.895,increase,28.0,2019.0,,center,,"Maltese, English",,0.001,,2011.0,4.0,4231.0,,2019,Malta__HistoricalEvent__2,Maltese_Italian,Malta__PersonFunction__2,0.895,315.9785495,,1633.598233,514564.0,356,0.001,28.0,Malta,19.8,12.4,16.1,20.7,,,31.8,22.6,27.2,12.8,,,,17.1,11.6,14.4,109.2,,,15.6,9.4,12.5,60.1,,,15.6,9.9,12.8,98.5,,,31.5,21.7,26.6,0.3,,,28.6,19.1,23.9,4.6,,,Malta,17.3,10.6,13.9,44.2,,,24.1,15.5,19.8,16.0,,,yes,20.7,14.6,17.7,92.3,,,25.0,18.1,21.5,82.9,,,,Religion_in_Malta,28.5,20.8,24.7,58.6,,,yes,"Meteo Climate , MaltaWeather.com",80.0,23.0,15.5,19.3,595.8,,,,2019,173.0,173.0,,,,Maltese_people,,Sovereign_Military_Order_of_Malta,,,,,Other language,,2019,,,,,,from the United Kingdom,,,,,15.0,,,,,,3054.0,,,,,,,,,,,,,,,253.8,352.2,161.2,178.1,,169.3,376.7,336.9,,227.2,309.7,195.0,223.8,,,,270.0,,,,,,,,,,,,,,,,,,,,,,,,,,,,,,,,,,,,,,,,,,,,,,,St._Paul's_Bay,town,,,,,,,,4.0,1.0,10.0,7.0,10.0,0.0,1.0,5.0,1.0,9.0,6.0,4.0,1.0,58.0,"Paul the Apostle, Saint Publius, and Agatha of Sicily",,,,,,,,,,,,,,,,,,,,,,,,,,,,,,,,,,,,,701.0,665.0,27.0,1.0,0.0,0.0,1.28,94.86,1.35,677.0,24.0,3.55,Europe
34,34,135.0,Moldova,Parliament_of_the_Republic_of_Moldova,Limba_noastră,Chișinău,Moldovan_leu,capital,Romanian_language,Republic of Moldova,Country,History_of_Moldova,Eastern_European_Summer_Time,Eastern_European_Time,Moldovan,-19,Unitary_state,,Igor_Grosu,President_of_Moldova,85.5,2,3,33843.5,13067,Telephone_numbers_in_Moldova,Republic of Moldova,MDL,,right,Constitution adopted,1.20E+10,4638.0,2021.0,3.59E+10,13879.0,2021.0,25.7,decrease,2018.0,0.75,increase,90.0,2019.0,,File:Imnul Republicii Moldova US NAVY.ogg,,Romanian,,1.4,,,125.0,234.0,2597100,1/1/2021,Moldova__HistoricalEvent__9,Ukrainian_language,Moldova__PersonFunction__3,0.75,33843.5,,90.3479051,2597100.0,373,1.4,25.7,Moldova,,,,,,,,,,,,,,,,,,,,,,,,,,,,,,,,,,,,,,,,,,,,,,,,,,,,,,,,,,,,,,,,,,,,,,,Christians,,,,,,,,,170.0,,,,,,,75.1,2014,138.0,138.0,123.0,144.0,,Ukrainians,,,#ddd,,,118.0,Recognised minority,,2014,,and its uncontrolled territory of Transnistria,134,,,,,,Religion,Percent,,,Including Transnistria,,,,,,,,,left,,,,,,,,,,,,,,,,,,,,,,,,,,,,,,,,,,,,,,,,,,,,,,,,,,,,,,,,,,,,,,,,,,,,,,,,,,,,,,,,,,,,,,,,,,,,,,,,,,,,,,,,,,,,,,,,,,,,,,,,,,,,,,,,,,,,,23154.0,16154.0,6252.0,120.0,13.0,245.0,3.23,69.77,4.63,21115.0,2039.0,9.66,Europe
35,35,193.0,Monaco,National_Council_(Monaco),Hymne_Monégasque,,Euro,Monte_Carlo,French_language,Principality of Monaco,Microstate,Independence,Central_European_Summer_Time,Central_European_Time,Monégasque,1/5/1911,Unitary_state,,Pierre_Dartout,Monarchy_of_Monaco,18713.0,1,2,2.02,1.26,Telephone_numbers_in_Monaco,Principality of Monaco,EUR,,Driving_side,from occupation of the Sixth Coalition,7.19E+09,185741.0,2018.0,7.67E+09,115700.0,2015.0,,,,,,,,,File:Monaco National Anthem.ogg,,French_of_France,,negligible,37308.0,2016.0,1.0,48462.0,38300,2019,Monaco__HistoricalEvent__5,Occitan_language,Monaco__PersonFunction__2,,3.263385019,"""With God's Help""",18713.0,38300.0,377,,,Monaco,16.7,10.9,13.8,71.3,26.2,3.8,26.9,21.4,24.2,26.5,34.5,12.4,,13.9,8.5,11.2,88.8,22.3,-1,13.0,7.4,10.2,48.4,23.2,-5.2,13.0,7.4,10.2,67.7,19.9,-3.1,26.6,21.0,23.8,13.7,34.4,10.5,23.7,18.0,20.9,32.6,32.5,9.0,Monaco,14.9,9.1,12.0,41.2,25.6,-3.1,20.4,14.6,17.5,49.0,30.3,7.5,yes,16.5,11.2,13.8,103.2,25.0,1.6,20.6,15.2,17.9,128.7,29.0,6.5,,Catholic_Church_in_Monaco,24.0,18.3,21.1,72.5,33.1,10.5,yes,Monaco website,,19.2,13.6,16.4,743.6,34.5,-5.2,,,190.0,190.0,1.0,145.0,,Demographics_of_Monaco,,,,,,3.0,Lingua_franca,,,,,158,,,,,,,,,,,,,,2574.7,,,,,,,,,,,,,,,210.0,296.7,136.5,158.9,,149.8,329.3,281.1,,185.5,248.1,155.2,199.0,,,,224.7,,,,,,,,,,,,,,,,,,,,,,,,,,,,,,,,,,,,,,,,yes,,,,,,,Monte_Carlo,quarter,,,,,,,,7.3,2.5,6.5,4.9,6.0,1.7,4.1,4.5,5.5,7.1,7.3,5.1,1.0,62.4,,20.0,,,,,,,,,,,,,,,,,,,,,,,,,,,,,,,,,,,,116.0,104.0,8.0,0.0,0.0,0.0,3.45,89.66,3.85,109.0,7.0,6.42,Europe
36,36,156.0,Montenegro,Parliament_of_Montenegro,,Podgorica,Euro a,capital,Montenegrin_language,Montenegro,State,History_of_Montenegro,Central_European_Summer_Time,Central_European_Time,Montenegrin,2006,Unitary_state,,Milo_Đukanović,President_of_the_Parliament_of_Montenegro,45.0,1,2,13812.0,,Telephone_numbers_in_Montenegro,Montenegro,EUR,dd.mm.yyyy.,right,Lordship_of_Zeta,"$4,9 billion",7933.0,2020.0,$12  billion,19931.0,2020.0,34.1,decrease,2019.0,0.829,increase,48.0,2019.0,Languages in official use,"""",,Montenegrin_language,,2.6,,2011.0,133.0,124.0,621873,2020,Montenegro__HistoricalEvent__9,Albanian_language,Montenegro__PersonFunction__3,0.829,13812.0,,47.87666766,621873.0,382,2.6,34.1,Montenegro,,,,,,,,,,,,,,,,,,,,,,,,,,,,,,,,,,,,,,,,,,,,,,,,,,,,,,,,,,,,,,,,,,,,,,,,,,,,,,,,150.0,,,,,,,,2011,169.0,169.0,73.0,153.0,,Demographics_of_Montenegro,,,,,,63.0,,,2011,,,149,,,,,,,,,,,,,,,,,,,,,,,,,,,,,,,,,,,,,,,,,,,,,,,,,,,,,,,,,,,,,,,,,,,,,,,,,,,,,,,,,,,,,,,,,,,,,,,,,,,,,,,,,,,,,,,,,,,,,left,,,,,,,,,,,,,,,,,,,,,,,,,,,,,,,,,,,2893.0,809.0,2039.0,94.0,2.0,70.0,1.56,27.96,5.56,2188.0,705.0,32.22,Europe
37,37,131.0,,States_General_of_the_Netherlands,,Amsterdam,US dollar,capital,Dutch_language,Netherlands,,Independence,,,Dutch,10/10/2010,Unitary_state,,Willem-Alexander_of_the_Netherlands,Monarchy_of_the_Netherlands,423.0,,,41865.0,,"+31, +599",Netherlands,,dd-mm-yyyy,right,Kingdom established,1.01E+12,58003.0,2021.0,1.06E+12,60461.0,2021.0,27.5,increase,2020.0,0.944,increase,8.0,2019.0,6,"""William of Nassau""","""I will maintain""",Dutch_language,,18.41,16655799.0,2011.0,16.0,,,,Netherlands__HistoricalEvent__6,English_in_the_Netherlands,Netherlands__PersonFunction__4,0.944,41865.0,"""I will maintain""",423.0,,"+31,+599",18.41,27.5,Netherlands,14.8,4.5,9.8,41.6,32.2,-9.4,22.9,12.5,17.9,83.6,38.6,1.3,,6.7,1.6,4.2,83.8,17.8,-22.3,7.0,0.7,3.9,63.1,20.5,-26.8,6.1,0.9,3.6,70.8,17.2,-27.4,23.1,13.0,18.3,85.2,40.7,0.7,20.9,10.8,16.2,70.5,38.4,-1.2,"De Bilt , all KNMI locations , snowy days: .",10.5,2.4,6.5,57.8,25.6,-20.7,18.3,8.0,13.4,59.3,35.6,-5.4,Yes,9.9,3.9,7.0,80.0,22.0,-14.4,14.8,7.1,10.9,81.1,30.1,-8.5,green,,19.5,10.0,14.7,77.9,35.1,-3.7,Yes,KNMI.nl,152.0,14.5,6.0,10.5,854.7,40.7,-27.4,,2020,67.0,67.0,12.0,17.0,,Surinamese_people_in_the_Netherlands,,,,,,11.0,Regional,House_of_Representatives_(Netherlands),2019,House_of_Representatives_(Netherlands),,27,,,,,,,,,yes,,,Sovereign state,,1714.6,,,,,,,,,,,,,,,189.2,196.3,55.5,89.6,,66.6,213.9,207.1,,139.4,217.5,67.4,119.3,,,,152.8,,,,,,,,,,,,,,,,,,,,,The Hague,,,,,,,,,,,,,,,,,NL,2.0,,,yes,,,,,,,,,,,,,,12.0,15.0,19.0,16.0,18.0,15.0,14.0,15.0,14.0,19.0,16.0,14.0,0.1,186.0,,,,81.0,0.0,–,4.0,6.0,unl,5.0,–,–,3.0,-,Kingdom of the Netherlands,1.0,0.0,–,0.0,19.0,74.0,79.0,False,110.0,89.0,84.0,Flag_of_the_Netherlands,87.0,77.0,75.0,79.0,74.0,89.0,86.0,83.0,TT001426971,,,,,,,,,,,,,,
38,38,145.0,North Macedonia,Assembly_of_North_Macedonia,,Skopje,Macedonian_denar,capital,Albanian_language,Republic of North Macedonia,,Independence,Central_European_Summer_Time,Central_European_Time,Macedonian,9/8/1991,Unitary_state,,Zoran_Zaev,List_of_Presidents_of_the_Assembly_of_the_Republic_of_North_Macedonia,80.1,1,2,25713.0,9779,Telephone_numbers_in_North_Macedonia,Republic of North Macedonia,MKD,dd.mm.yyyy,right,1991_Macedonian_independence_referendum,1.24E+10,6143.0,2019.0,3.38E+10,16253.0,2019.0,30.7,decrease,2019.0,0.774,increase,82.0,2019.0,,File:Macedonia's_national_anthem_(instrumental).ogg,,,Saint Clement of Ohrid,1.9,2022547.0,2002.0,122.0,210.5,2077132,2019,North_Macedonia__HistoricalEvent__1,,North_Macedonia__PersonFunction__3,0.774,25713.0,,81.27450437,2077132.0,389,1.9,30.7,North_Macedonia,,,,,,,,,,,,,,,,,,,,,,,,,,,,,,,,,,,,,,,,,,,,,,,,,,,,,,,,,,,,,,,,,,,,,,,Catholic_Church_in_North_Macedonia,,,,,,,,,220.0,,,,,,,,2002,148.0,148.0,,,,Turks_in_North_Macedonia,,,#ddd,,,,,,2011,,,,,,from Yugoslavia,,,,,,,,,,,,,,,,,,,,,,,,,,,,,,,,,,,,,,,,,,,,,,,,,,,,,,,,,,,,,,,,,,,,,,,,,,,,,,,,MK,,,,,,,,,,,,,,,,,,,,,,,,,,,,,,,,,,,,,,,,,,,,,,,,,,,,,,,,,,,,,,,,,,,,,10213.0,5564.0,4183.0,127.0,6.0,137.0,4.56,54.48,8.38,9249.0,964.0,10.42,Europe
39,39,61.0,Norway,Storting,"Ja,_vi_elsker_dette_landet",Oslo,Norwegian_krone,capital,Southern_Sámi,Svalbard,Monarchy,History_of_Norway,Central_European_Summer_Time,Central_European_Time,Norwegian,6/7/1905,Unitary_state,,Harald_V_of_Norway,Storting,14.0,1,2,385207.0,148718,Telephone_numbers_in_Norway,Kingdom of Norway,NOK,dd.mm.yyyy,right,Dissolution_of_the_union_between_Norway_and_Sweden,3.66E+11,67987.0,2020.0,3.50E+11,64856.0,2020.0,25.4,increase,2019.0,0.957,increase,1.0,2019.0,Recognised minority languages,"Ja, vi elsker dette landet",Nonea,,,5.32,,,213.0,36.26,5391369,2021,Norway__HistoricalEvent__8,Scandoromani_language,Norway__PersonFunction__4,0.957,385207.0,Nonea,14.00006427,5391369.0,47,5.32,25.4,Norway,,,,,,,,,,,,,,,,,,,,,,,,,,,,,,,,,,,,,,,,,,,,,,,,,,,,,,,,,,,,,,,,,,,,,,,Christianity,,,,,,,,,220.0,,,,,,,,,118.0,118.0,4.0,33.0,,Sámi_people,,,,,,6.0,Official minority languages,,2019,,"Location of the Kingdom of Norway and its integral overseas territories and dependencies: Svalbard, Jan Mayen, Bouvet Island, Peter I Island, and Queen Maud Land",49,,,,,,,,,,,,,65.0,,,,,,,,,,,,,,,,,,,,,,,,,,,,,,,,,,,,,,,,,,,,,,,,,,,,,,,,,,,,,,,,,,,,,,,,,,,,,Coat of arms of Norway,,,,,,,,,,King's Song,,,,,,,,,,,,,,,,,,,,,,,,,,,,,,,,,,,,,,,,,,,,,,,,,,,,9132.0,8752.0,125.0,15.0,0.0,0.0,2.79,95.84,2.91,9034.0,98.0,1.08,Europe
40,40,69.0,Poland,Parliament_of_Poland,Poland_Is_Not_Yet_Lost,Warsaw,Polish_złoty,capital,Polish_language,Republic of Poland,Country,History_of_Poland,Central_European_Summer_Time,Central_European_Time,Pole,12/31/1989,Unitary_state,,,President_of_Poland,123.0,1,2,312696.0,120696,Telephone_numbers_in_Poland,Republic of Poland,PLN,yyyy,right,Christianization of Poland,6.42E+11,16930.0,2021.0,1.36E+12,35957.0,2021.0,28.5,increase,2019.0,0.88,increase,35.0,2019.0,,"""Mazurek Dąbrowskiego""",,Polish_language,,1.48,,,83.0,319.9,38268000,2020,Poland__HistoricalEvent__8,,Poland__PersonFunction__2,0.88,312696.0,,123.5140805,38268000.0,48,1.48,28.5,Poland,,,,,,,,,,,,,,,,,,,,,,,,,,,,,,,,,,,,,,,,,,,,,,,,,,,,,,,,,,,,,,,,,,,,,,,,,,,,,,,,400.0,,,,,,,,2011,38.0,38.0,44.0,22.0,,Poles,,,#ddd,,,39.0,Recognised minority languages,Sejm,2019,Senate_of_Poland,,19,,,,,,,,,,,,,,,,,,,left,,,,,,,,,,,,,,,,,,,,,,,,,,,,,,,,,,,,,,,,,,,,,,,,,,,,,,,,,,,,,,,,,,yes,,,,,,,,,,,,,,,,,,,,,,,,,,,,,,,,,,,,,,,,,,,,,,,,,,,,,,,,,,,,,,,,,,,43402.0,32856.0,8870.0,337.0,5.0,103.0,3.86,75.7,5.1,40383.0,3019.0,7.48,Europe
41,41,109.0,Portugal,Assembly_of_the_Republic_(Portugal),,Lisbon,Euro,Lisbon,,Portuguese Republic,Country,History_of_Portugal,UTC,Western_European_Time,Portuguese,-21,Unitary_state,Mirandese,,List_of_presidents_of_the_Assembly_of_the_Republic_(Portugal),112.2,,1,92212.0,57298,Telephone_numbers_in_Portugal,Portuguese Republic,EUR,yyyy,right,Portuguese_Constitution,2.57E+11,25065.0,2021.0,3.71E+11,36079.0,2021.0,31.9,decrease,2019.0,0.864,increase,38.0,2019.0,,File:Hino Nacional da Republica Portuguesa.ogg,,,,1.2,10347892.0,2021.0,,,,,Portugal__HistoricalEvent__9,Mirandese_language,Portugal__PersonFunction__3,0.864,148401.1387,,112.2,,351,1.2,31.9,Portugal,,,,,,,,,,,,,Q45,,,,,,,,,,,,,,,,,,,,,,,,,,,,,,,,,,,,,,,,,,,,,,,,,,,,,,,,,,,,,,,,,,,5600.0,,,,,,,,2018,89.0,89.0,,,,Portuguese_people,,,#ddd,,,,Official language,,2011,,,,,,,,,,,,,,,,100.0,,,,,,,,,,,,,,,,,,,,,,,,,,,,,,,,,,,,,,,,,,,,,,,,,,,,,,,,,,,,,,,,,,,,,3675.0,,2.0,,,,,,,,,,,,,,,,,,,,,,,,,,,,,,,,,,,,,,,,,,,,,,,,,,,,,,,,,,,,,,,,,,,,50299.0,35375.0,13205.0,135.0,2.0,158.0,3.42,70.33,4.86,48771.0,1528.0,3.13,Europe
42,42,81.0,Romania,Parliament_of_Romania,"Deșteaptă-te,_române!",Bucharest,Romanian_leu,capital,Romanian_language,Romania,Republic,History_of_Romania,Eastern_European_Summer_Time,Eastern_European_Time,Romanian,-4,Unitary_state,,Florin_Cîțu,Prime_Minister_of_Romania,80.4,2,3,238397.0,92043,Telephone_numbers_in_Romania,Romania,RON,dd.mm.yyyy,right,United Principalitiesb,2.89E+11,14968.0,2021.0,6.36E+11,32950.0,2021.0,33.8,decrease,2020.0,0.828,increase,49.0,2019.0,Recognised minority,"""Deșteaptă-te, române!""",,Romanian_language,Andrew_the_Apostle,3,20121641.0,2011.0,136.0,218.6,19186201,1/1/2021,Romania__HistoricalEvent__9,Yiddish,Romania__PersonFunction__2,0.828,238397.0,,84.40193186,19186201.0,40,3.0,33.8,Romania,,,,,,,,,,,,,,,,,,,,,,,,,,,,,,,,,,,,,,,,,,,,,,,,,,,,,,,,,,,,,,,,,,,,,,,,,,,,,,,,,,,,,,,,2011,61.0,61.0,56.0,47.0,,Romani_people_in_Romania,,,#ddd,,,44.0,,Chamber_of_Deputies_(Romania),2011,Senate_of_Romania,,36,,,,,,Religion,Percentage,,,,,,,,,,,,,,,,,,,,,,,,,,,,,,,,,,,,,,,,,,,,,,,,,,,,,,,,,,,,,,,,,,,,,,,,,,,,RO,2.0,,,,,,,,,,,,,,,,,,,,,,,,,,,,,,,,,,,,,,,,,,,,,,,,,,,,,,,,,,,,,,,,,,,,45902.0,25794.0,17902.0,1104.0,19.0,151.0,4.81,56.19,8.55,38139.0,7763.0,20.35,Europe
43,43,1.0,Russia,Federal_Assembly_(Russia),National_anthem_of_Russia,Moscow,Russian ruble,capital,,Russian Federation,State,History_of_Russia,,,Russian,7/4/2020,Federalism,See Languages of Russia,Vyacheslav_Mikhailovich_Lebedev,Supreme_Court_of_Russia,8.4,+2 to +12,,17098246.0,,Telephone_numbers_in_Russia,Russian Federation,RUB,,right,,1.71E+12,11654.0,2021.0,"$4,328 trillion",29485.0,2021.0,37.5,increase,2018.0,0.824,increase,52.0,2019.0,national languages,,,,,13,,,181.0,21.5,,2021,Russia__HistoricalEvent__9,Russian_language,Russia__PersonFunction__5,0.824,17100000.0,,8.4,146171015.0,7,13.0,37.5,Russia,,,,,,,,,,,,,,,,,,,,,,,,,,,,,,,,,,,,,,,,,,,,,,,,,,,,,,,,,,,,,,,,,,,,,,,,,,,,,,,,215.0,,,,,,,,2010,9.0,9.0,59.0,11.0,,Chuvash_people,Rossiyskaya Federatsiya,,,,,50.0,Official language,State_Duma,2017,Federation_Council_(Russia),Russia on the globe with unrecognized territories in light green.,6,,,,,,,,98.0,,,,,,,,,,,,,,,220.0,,,,,,,,,,,,,,,,,,,,,,,,,,,,,,,,,,,,,,,,,,,,,,,,,,,,,,,,,,,,,2.0,,,,,,,,,,,,,,,,,,,,,,,,,,,,,,,,,,,,,,,,,,,,,,,,,,,,,,,,,,,,,,,,,,,,816680.0,602249.0,201097.0,5607.0,85.0,3077.0,1.63,73.74,2.21,776212.0,40468.0,5.21,Europe
44,44,190.0,San Marino,Grand_and_General_Council,Inno_Nazionale_della_Repubblica,City_of_San_Marino,Euro,Dogana,Italian_language,Republic of San Marino,Microstate,Independence,Central_European_Summer_Time,Central_European_Time,Sammarinese,2,Unitary_state,Romagnol_dialects,Gian_Carlo_Venturini,Captains_Regent,520.0,1,2,61.2,,378,Republic of San Marino,EUR,,right,from Roman Empire,1.55E+09,44947.0,2017.0,2.09E+09,60651.0,2017.0,,,,0.875,,26.0,2013.0,Other languages,"""National Anthem of the Republic""File:Inno Nazionale della Repubblica.ogg","""Freedom""",Italian_language,Saint_Agatha,0,,,23.0,,33600,2021,San_Marino__HistoricalEvent__3,Emilian-Romagnol_language,San_Marino__PersonFunction__1,0.875,61.2,"""Freedom""",520.0,33600.0,+378(+39 0549 calling via Italy),0.0,,San_Marino,15.5,9.0,12.2,65.0,,,27.5,17.5,22.0,60.0,,,,7.5,1.5,4.5,63.0,,,8.0,1,4.5,49.0,,,6.5,0,3.3,48.0,,,27.5,17.5,22.0,53.0,,,25.0,15.0,20.0,56.0,,,"Borgo Maggiore, San Marino, altitude:",12.0,4,8.0,59.0,,,20.5,11.0,15.8,65.0,,,Yes,12.0,5.5,8.7,87.0,,,18.0,10.0,14.0,79.0,,,,Catholic_Church,24.0,14.0,19.0,76.0,,,Yes,Weatherspark.com,,,,,,,,,,221.0,221.0,13.0,174.0,,,,,,,,11.0,,,,,,175,,,,,,,,,,,,,,,,,,,,,,,,,,,,,,,,,,,,,,,,,,,,,,,,,,,,,,,,,,,,,,,,,,,,,,,,,,,,,,,,,,,,,,,,,,,,Dogana,settlement,,,,,,,,,,,,,,,,,,,,,,,,,,,,,,,,,,,,,,,,,,,,,,,,,,,,,,,,,,,699.0,657.0,0.0,0.0,0.0,0.0,6.01,93.99,6.39,699.0,0.0,0.0,Europe
45,45,111.0,Serbia,National_Assembly_(Serbia),,Belgrade,Serbian_dinar,capital,Serbian_language,Largest cities of Serbia,State,History_of_Serbia,Central_European_Summer_Time,Central_European_Time,Serbian,2006,Unitary_state,,Ana_Brnabić,President_of_Serbia,89.0,1,UTC+2,88361.0,,Telephone_numbers_in_Serbia,Republic of Serbia,RSD,,Right-_and_left-hand_traffic,Independence restored,5.20E+10,7497.0,2020.0,1.31E+11,18840.0,2020.0,33.3,decrease,2019.0,0.806,increase,64.0,2019.0,,center,,Serbian,,,,,95.0,211.0,6926705,2020,Serbia__HistoricalEvent__9,,Serbia__PersonFunction__3,0.806,88361.0,,89.0,6926705.0,381,,33.3,Serbia,,,,,,,,,,,,,Q403,,,,,,,,,,,,,,,,,,,,,,,,,,,,,,,,,,,,,,,,,,,,,,,,,,,,,,,,,,,,,,,,,,,500.0,,,,,,,,2011,105.0,105.0,75.0,84.0,,Romani_people_in_Serbia,,,#ddd,Šabac,Serbia,66.0,,,2011,,Location of Serbia  and the disputed territory of Kosovo  in Europe .,78,,,,,,,,,,Including Kosovo,,,,,,,,,,,,,,,,,,,,,,,,,,,,,,,,,,,,,,,,,,,,,,,,,,,,,,,,,,,,,,,,,,,,,,,,335.0,,2.0,,,,,,,,,,,,,,,,,,,,,,,,,,,,,,,,,,,,,,,,,,,,,,,,,,,,,,,,,,,,,,,,,,,,24141.0,0.0,23598.0,411.0,9.0,0.0,2.25,0.0,0.0,21253.0,2888.0,13.59,Europe
46,46,127.0,Slovakia,National_Council_(Slovakia),,Bratislava,Euro,capital,Slovak_language,Slovak Republic,Country,Independence history,Central_European_Summer_Time,Central_European_Time,Slovak,1/1/1993,Unitary_state,,Zuzana_Čaputová,List_of_speakers_of_Slovak_parliaments,111.0,1,2,49035.0,18932,Telephone_numbers_in_Slovakia,Slovak Republic,EUR,yyyy,right,Slovak Republic in Czech and Slovak Federative Republic,1.18E+11,21529.0,2021.0,1.90E+11,34815.0,2021.0,22.8,increase,2019.0,0.86,increase,39.0,2019.0,,"""",,Slovak_language,Our_Lady_of_the_Seven_Sorrows,0.72,5397036.0,2011.0,88.0,287.0,5464060,2020,Slovakia__HistoricalEvent__4,,Slovakia__PersonFunction__3,0.86,49035.0,,110.8113195,5464060.0,421,0.72,22.8,Slovakia,,,,,,,,,,,,,,,,,,,,,,,,,,,,,,,,,,,,,,,,,,,,,,,,,,,,,,,,,,,,,,,,,,,,,,,,,,,,,,,,195.0,,,,,,,,2011,119.0,119.0,40.0,59.0,,Slovaks,,,,,,41.0,,,2011,,,70,,,,,,,,,,,,,,,,,,,,,,,,,,,,,,,,,,,,,,,,,,,,,,,,,,,,,,,,,,,,,,,,,,,,,,,,,,,,,,,,,,,,,,,,,,,,,,,,,,,,,,,,,,,,,,,,,,,,,,,,,,,,,,,,,,,,,,,,,,,,,,,,,,,,,,,,2181.0,1616.0,537.0,2.0,0.0,39.0,1.28,74.09,1.73,1980.0,201.0,10.15,Europe
47,47,151.0,Slovenia,Slovenian_Parliament,National_anthem_of_Slovenia,Ljubljana,Euro,capital,Slovene_language,Republic of Slovenia,State,,Central_European_Summer_Time,Central_European_Time,Slovenian,5/1/2004,Unitary_state,,Janez_Janša,Prime_Minister_of_Slovenia,103.0,1,2,20271.0,7826.68,Telephone_numbers_in_Slovenia,Republic of Slovenia,EUR,dd. mm. yyyy,right,Joined the,5.60E+10,27452.0,2020.0,8.30E+10,40343.0,2020.0,23.5,decrease,2020.0,0.917,increase,22.0,2019.0,,Zdravljica,,Slovene,,0.7,1964036.0,2002.0,106.0,262.0,2108977,2021,Slovenia__HistoricalEvent__9,Languages_of_Slovenia,Slovenia__PersonFunction__2,0.917,20271.00037,,101.1587655,2108977.0,386,0.7,23.5,Slovenia,,,,,,,,,,,,,,,,,,,,,,,,,,,,,,,,,,,,,,,,,,,,,,,,,,,,,,,,,,,,,,,,,,,,,,,,,,,,,,,,300.0,,,,,,,,2002,147.0,147.0,34.0,80.0,,Croats_of_Slovenia,,,#ddd,,,35.0,,National_Assembly_(Slovenia),2018,National_Assembly_(Slovenia),,93,,,,,,,,,,,,,,,,,,,,,,,,,,,,,,,,,,,,,,,,,,,,Languages_of_Slovenia,,,,,,,,,,,,,,,,,,,,,,,,,,,,,,,,,,,,,,,SI,,,,,,,,,,,,,,,,,,,,,,,,,,,,,,,,,,,,,,,,,,,,,,,,,,,,,,,,,,,,,,,,,,,,,2087.0,1733.0,238.0,5.0,0.0,55.0,5.56,83.04,6.69,1953.0,134.0,6.86,Europe
48,48,51.0,Spain,Cortes_Generales,,Madrid,Euro,capital,,,State,History_of_Spain,WEST and CEST,Western_European_Time,SpanishSpaniard,3,Parliamentary_system,Spanish,Felipe_VI,President_of_the_Spanish_Senate,94.0,⁠±0 to +1,+1 to +2,505990.0,195364,Telephone_numbers_in_Spain,Kingdom of Spain,EUR,yyyy,right,De jure,1.45E+12,31178.0,2021.0,1.94E+12,41736.0,2021.0,33.0,decrease,2019.0,0.904,increase,25.0,2019.0,,,,,,0.89,0.0,2020.0,120.0,243.0,,,Spain__HistoricalEvent__6,Spanish_language,Spain__PersonFunction__5,0.904,505990.4372,,93.82282453,,34,0.89,33.0,Spain,,,,,,,,,,,,,,,,,,,,,,,,,,,,,,,,,,,,,,,,,,,,,,,,,,,,,,,,,,,,,,,,,,,,,,,,,,,,,,,,166.0,,,,,,,,,,,26.0,13.0,,,,,,,,32.0,Official language,Congress_of_Deputies,2021,Congress_of_Deputies,,15,,,,,,,,103.0,,,,,,,,,,,left,,,,,,,,,,,,,,,,,,,,,,,,,,,,,,,,,,,,,,,,,,,,,,,,,,,,,,,,,,,,,,,,ES,,,,,,,,,,,,,,,,,,,,,,,,,,,,,,,,,,,,,,,,,,,,,,,,,,,,,,,,,,,,,,,,,,,,30.0,272421.0,150376.0,93613.0,0.0,0.0,0.0,10.44,55.2,18.91,264836.0,7585.0,2.86,Europe
49,49,55.0,Sweden,Riksdag,,Stockholm,Swedish_krona,capital,Swedish_language,Kingdom of Sweden,Country,History_of_Sweden,Central_European_Summer_Time,Central_European_Time,Swede,By the early 12th century,Constitutional_monarchy,,Stefan_Löfven,Speaker_of_the_Riksdag,25.0,1,2,450295.0,175896,Telephone_numbers_in_Sweden,Kingdom of Sweden,SEK,YYYY-MM-DD,right,Part of Swedish-Norwegian Union,5.29E+11,50339.0,2020.0,5.64E+11,52477.0,2020.0,26.9,decrease,2020.0,0.945,increase,7.0,2019.0,,center,"""",Swedish,,8.37,,,198.0,65.0,10402070,21-Feb,Sweden__HistoricalEvent__4,Yiddish,Sweden__PersonFunction__3,0.945,455568.5487,"""",25.09664031,10402070.0,46,8.37,26.9,Sweden,,,,,,,,,,,,,,,,,,,,,,,,,,,,,,,,,,,,,,,,,,,,,,,,,,,,,,,,,,,,,,,,,,,,,,,Church_of_Sweden,,,,,,,,,,,,,,,,,2019,88.0,88.0,12.0,23.0,,Swedes,,,,,,16.0,National minority languages,,2017,,,39,,,,,,,,,,,,,,,,,,,,,,,,,,,,,,,,,,,,,,,,,,,,,,,,,,,,,,,,,,,,,,,,,,,,,,,,,,,,,,,,,,,SE,,,,,,,,,,,,,,,,,'',,,,,,,,,,,,,,,,,,,,,,,,,,,,,,,,,,,,,,,,,,,,,,,,,,,,79395.0,0.0,73695.0,398.0,3.0,0.0,7.18,0.0,0.0,78048.0,1347.0,1.73,Europe
50,50,132.0,Switzerland,Federal_Assembly_(Switzerland),Swiss_Psalm,None,Swiss_franc,Zürich,Italian_language,Switzerland,Country,History_of_Switzerland,Central_European_Summer_Time,Central_European_Time,svizzera,1848-09-12,Federalism,,Ignazio Cassis,,8555541.0,1,2,41285.0,15940,41,Swiss Confederation,CHF,dd.mm.yyyy,right,Restoration_(Switzerland),7.49E+11,86673.0,2020.0,5.84E+11,67557.0,2020.0,29.7,decrease,2018.0,0.955,increase,2.0,2019.0,,"""Swiss Psalm""center",,,Nicholas_of_Flüe,4.34,8327126.0,2015.0,48.0,,8570146,2019,Switzerland__HistoricalEvent__4,Romansh_language,Switzerland__PersonFunction__2,0.955,41285.0,,8555541.0,8570146.0,41,4.34,29.7,Switzerland,,,,,,,,,,,,,,,,,,,,,,,,,,,,,,,,,,,,,,,,,,,,,,,,,,,,,,,,,,,,,,,,,,,,,,,,,,,,,,,,300.0,,,,,,,,2019,99.0,99.0,2.0,20.0,,Swiss_people,,,,,,9.0,,National_Council_(Switzerland),2018,Council_of_States_(Switzerland),,38,,,,,,,,19.0,,,,,,,,,,,,,,,,,,,,,,,,,,,,,,,,,,,,,,,,,,,,Romansh_language,,,,,,,,,,,,,,,,,,,,,,,,,,,,,,,CH,,,,,,,,,,,,,,,,,,,,,,,,,,,,,,,,,,,,,,,,,,,,,,,,,,,,,,,,,,,,,,,,,,,,,34477.0,30900.0,1599.0,65.0,1.0,200.0,5.74,89.62,6.4,33634.0,843.0,2.51,Europe
51,51,94.0,Tajikistan,Supreme_Assembly_(Tajikistan),Surudi_Milli,Dushanbe,Tajikistani_somoni,capital,Tajik_language,Republic of Tajikistan,Country,History_of_Tajikistan,,UTC+05:00,Tajik,11/6/1994,Unitary_state,Sanglechi–Ishkashimi_language,Emomali_Rahmon,Chairman of the Majlisi Milli,48.6,5,,143100.0,55251,992,Republic of Tajikistan,TJS,,right,Independence from the USSR,7.35E+09,807.0,2018.0,3.05E+10,3354.0,2018.0,34.0,,2015.0,0.668,increase,125.0,2019.0,Other languages,center,,Tajik_language,,1.8,,,155.0,125.8,9537645,2020,Tajikistan__HistoricalEvent__8,Uzbek_language,Tajikistan__PersonFunction__3,0.668,143100.0,,48.57165154,9537645.0,992,1.8,34.0,Tajikistan,,,,,,,,,,,,,,,,,,,,,,,,,,,,,,,,,,,,,,,,,,,,,,,,,,,,,,,,,,,,,,,,,,,,,,,Sunni_Islam,,,,,,,,,,,,,,,,,2010,96.0,96.0,164.0,147.0,,Turkmens,,,#ddd,,,155.0,Official language of inter-ethnic communication,Assembly_of_Representatives_(Tajikistan),,Supreme_Assembly_(Tajikistan),,132,,,,,,Religion,Percent,,,,,,,,,,,,,,,,,,,,,,,,,,,,,,,,,,,,,,,,,,,,,,,,,,,,,,,,,,,,,,,,,,,,,,,,,,,,,,,,,,,,,,,,,,,,,,,,,,,,,,,,,,,,,,,,,,,,,,,,,,,,,,,,,,,,,,,,,,,,,,,,,7235.0,6028.0,1147.0,43.0,1.0,58.0,0.83,83.32,1.0,6921.0,314.0,4.54,Europe
52,52,36.0,Turkey,Grand_National_Assembly_of_Turkey,,Ankara,Turkish_lira,Istanbul,Turkish_language,Republic of Turkey,Republic,History_of_Turkey,,Time_in_Turkey,TurkTurkish,11/9/1982,Unitary_state,,Mustafa_Şentop,Speaker_of_the_Grand_National_Assembly,109.0,3,,783356.0,302535,Telephone_numbers_in_Turkey,Republic of Turkey,TRY,dd.mm.yyyy,right,,7.95E+11,9327.0,2021.0,2.75E+12,32278.0,2021.0,39.7,decrease,2018.0,0.82,increase,54.0,2019.0,,,,Turkish_language,,2.03,,,107.0,262.0,83614362,12/31/2020,Turkey__HistoricalEvent__5,,Turkey__PersonFunction__3,0.82,783562.053,,101.1587655,83614362.0,90,2.03,39.7,Turkey,,,,,,,,,,,,,,,,,,,,,,,,,,,,,,,,,,,,,,,,,,,,,,,,,,,,,,,,,,,,,,,,,,,,,,,,,,,,,,,,250.0,,,,,,,,2016,19.0,19.0,67.0,20.0,,Turkish_people,,,,,,45.0,Spoken languages,,,,,11,,,,,,,,56.0,,,,,,,,,,,,,,,,,,,,,,,,,,,,,,,,,,,,,,,,,,,,,,,,,,,,,,,,,,,,,,,,,,,,,,,,,,,,,,,,,,,,,,,,,,,,,,,,,,,,,,,,,,,,,,,,,,,,,,,,,,,,,,,,,,,,,,,,,,,,,,,,227019.0,210469.0,10920.0,919.0,17.0,982.0,2.48,92.71,2.67,220572.0,6447.0,2.92,Europe
53,53,45.0,Ukraine,Verkhovna_Rada,,Kyiv,Ukrainian_hryvnia,capital,Ukrainian_language,Ukraine,Country,History_of_Ukraine,Eastern_European_Summer_Time,Eastern_European_Time,Ukrainian,-21,Unitary_state,,Dmytro_Razumkov,Chairman_of_the_Verkhovna_Rada,73.8,2,3,603628.0,"223,013",Telephone_numbers_in_Ukraine,Ukraine,UAH,,Right-_and_left-hand_traffic,Constitution_of_Ukraine,1.62E+11,3881.0,2020.0,4.30E+11,10310.0,2020.0,26.6,increase,2019.0,0.779,increase,74.0,2019.0,,center,,Ukrainian_language,,7,48457102.0,2001.0,115.0,191.0,,21-Jul,Ukraine__HistoricalEvent__8,Yiddish,Ukraine__PersonFunction__3,0.779,603628.0,,73.8,41383182.0,380,7.0,26.6,Ukraine,,,,,,,,,,,,,,,,,,,,,,,,,,,,,,,,,,,,,,,,,,,,,,,,,,,,,,,,,,,,,,,,,,,,,,,,,,,,,,,,1517.0,,,,,,,,2001,35.0,35.0,119.0,56.0,,Ukrainians,,,#ddd,,,108.0,,,2018,,,48,,,,,,,,,,,,,,,,,,,,,,,,,,,,,,,,,,,,,,,,,,,,,,,,,,,,,,,,,,,,,,,,,,,,,,,,,,,,,,,,,,2006.0,,,,,,,,,,,,center,,,,,,,,,,,,,,,,,,,,,,,,,,,,,,,,,,,,,,,,,,,,,,,,,,,,,,,,,,67096.0,37202.0,28258.0,835.0,11.0,317.0,2.44,55.45,4.4,60767.0,6329.0,10.42,Europe
54,54,78.0,United Kingdom,Parliament_of_the_United_Kingdom,God_Save_the_Queen,London,Pound_sterling,capital,,the United Kingdom,State,History_of_the_formation_of_the_United_Kingdom,Western_European_Summer_Time,Western_European_Time,Brit (colloquial),12/5/1922,Constitutional_monarchy,,Elizabeth_II,Monarchy_of_the_United_Kingdom,270.7,,1,242495.0,93628,Telephone_numbers_in_the_United_Kingdom,United Kingdom of Great Britain and Northern Ireland,GBP,,Left-_and_right-hand_traffic,Irish_Free_State_Constitution_Act,3.12E+12,46344.0,2021.0,3.17E+12,47089.0,2021.0,36.6,increase,2019.0,0.932,increase,13.0,2019.0,"Regional and minority languagesref |Scots, Ulster Scots, Welsh, Cornish, Scottish Gaelic and Irish are classed as regional or minority languages under the Council of Europe's European Charter for Regional or Minority Languages. These include defined obligations to promote those languages. See also Languages of the United Kingdom. Welsh has limited de jure official status in Wales, as well as in the provision of national government services provided for Wales.|group=note","""God Save the Queen""ref |There is no authorised version of the national anthem as the words are a matter of tradition; only the first verse is usually sung. No statute has been enacted designating ""God Save the Queen"" as the official anthem. In the English tradition, such laws are not necessary; proclamation and usage are sufficient to make it the national anthem. ""God Save the Queen"" also serves as the Royal anthem for certain Commonwealth realms. The words Queen, she, her, used at present (in the reign of Elizabeth II), are replaced by King, he, him, his when the monarch is male. |group=note",,,,1.51,63182178.0,2011.0,50.0,701.2,67886004,2020,United_Kingdom__HistoricalEvent__5,Cornish_language,United_Kingdom__PersonFunction__2,0.932,242495.4068,,270.7348336,67886004.0,44,1.51,36.6,United_Kingdom,,,,,,,,,,,,,Q145,,,,,,,,,,,,,,,,,,,,,,,,,,,,,,,,,,,,,,,,,,,,,,,,,,,,,,,,,,Sikhism_in_the_United_Kingdom,,,,,,,,,250.0,,,,,,,,2011,21.0,21.0,21.0,5.0,,White_British,,,,,,24.0,Official language,House_of_Commons_of_the_United_Kingdom,2011,House_of_Lords,,10,,,,,,,,33.0,,,,Constituent countries,,,,,,,,,,,,,,,,,,,,,,,,,,,,,,,,,,,,,,,,,,,,,,,,,,,,,,,,,,,,,,,,,,,,,,,,,,,,,,,,,,,,,,,,,,,,,,,,,,,,,,,,,,,,,,,,,,,,,Wales,,,,,,,,,,,,,,,,,,,,,,22.0,301708.0,1437.0,254427.0,688.0,7.0,3.0,15.19,0.48,3190.26,296944.0,4764.0,1.6,Europe
55,55,56.0,Uzbekistan,Oliy_Majlis,State_Anthem_of_Uzbekistan,Tashkent,Uzbek_som,Tashkent,Uzbek_language,Republic of Uzbekistan,,History_of_Uzbekistan,,Time_in_Uzbekistan,Uzbekistani,8,Unitary_state,Tajik • Koryo-mar • Turkmen • Ukrainian • Azerbaijani • Uyghur • Central Asian Arabic • Bukhori and others,Nurdinjan Ismailov,Chairman of the Legislative Chamber,74.1,5,,448978.0,172742,Telephone_numbers_in_Uzbekistan,Republic of Uzbekistan,UZS,,right,Uzbek SSR established after national delimitation,6.05E+10,1831.0,2020.0,2.76E+11,9595.0,2020.0,36.7,decrease,2013.0,0.72,increase,106.0,2019.0,Other languages,File:Anthem-of-uzbekistan-1992.ogg,,Uzbek_language,,4.9,,,132.0,182.8,34588900,2020,Uzbekistan__HistoricalEvent__7,Demographics_of_Uzbekistan,Uzbekistan__PersonFunction__4,0.72,448978.0,,70.57947458,34588900.0,998,4.9,36.7,Uzbekistan,,,,,,,,,,,,,,,,,,,,,,,,,,,,,,,,,,,,,,,,,,,,,,,,,,,,,,,,,,,,,,,,,,,,,,,Zoroastrianism,,,,,,,,,,,,,,,,,2021,41.0,41.0,144.0,78.0,,Turkmens,,,,,,113.0,Inter-ethnic language,Legislative_Chamber_of_Uzbekistan,,Legislative_Chamber_of_Uzbekistan,,55,,,,,,,,88.0,,,,,,,,,,,,,,,,,,,,,,,,,,,,,,,,,,,,Karakalpak,,,,,,,,,,,,,,,,,,,,,,,,,,,,,,,,,,,,,,,,,,,,,,,,,,,,,,,,,,,,,,,,,,,,,,,,,,,,,,,,,,,,,,,,,,,,,,,,,,,,,,,,,,,,21209.0,11674.0,9414.0,678.0,5.0,569.0,0.57,55.04,1.04,17149.0,4060.0,23.67,Europe
